,url
970,https://www1.hkexnews.hk/listedco/listconews/sehk/2020/0428/2020042801858.pdf
971,https://www1.hkexnews.hk/listedco/listconews/sehk/2020/0428/2020042801856.pdf
972,https://www1.hkexnews.hk/listedco/listconews/sehk/2020/0428/2020042801827.pdf
973,https://www1.hkexnews.hk/listedco/listconews/sehk/2020/0428/2020042801817.pdf
974,https://www1.hkexnews.hk/listedco/listconews/sehk/2020/0428/2020042801803.pdf
975,https://www1.hkexnews.hk/listedco/listconews/sehk/2020/0428/2020042801748.pdf
985,https://www1.hkexnews.hk/listedco/listconews/sehk/2020/0428/2020042801659.pdf
986,https://www1.hkexnews.hk/listedco/listconews/sehk/2020/0428/2020042801655.pdf
987,https://www1.hkexnews.hk/listedco/listconews/sehk/2020/0428/2020042801644.pdf
988,https://www1.hkexnews.hk/listedco/listconews/sehk/2020/0428/2020042801638.pdf
989,https://www1.hkexnews.hk/listedco/listconews/sehk/2020/0428/2020042801580.pdf
990,https://www1.hkexnews.hk/listedco/listconews/sehk/2020/0428/2020042801550.pdf
991,https://www1.hkexnews.hk/listedco/listconews/sehk/2020/0428/2020042801528.pdf
992,https://www1.hkexnews.hk/listedco/listconews/sehk/2020/0428/2020042801526.pdf
993,https://www1.hkexnews.hk/listedco/listconews/sehk/2020/0428/2020042801502.pdf
994,https://www1.hkexnews.hk/listedco/listconews/sehk/2020/0428/2020042801500.pdf
995,https://www1.hkexnews.hk/listedco/listconews/sehk/2020/0428/2020042801478.pdf
996,https://www1.hkexnews.hk/listedco/listconews/sehk/2020/0428/2020042801470.pdf
997,https://www1.hkexnews.hk/listedco/listconews/sehk/2020/0428/2020042801468.pdf
998,https://www1.hkexnews.hk/listedco/listconews/sehk/2020/0428/2020042801466.pdf
999,https://www1.hkexnews.hk/listedco/listconews/sehk/2020/0428/2020042801400.pdf
1000,https://www1.hkexnews.hk/listedco/listconews/sehk/2020/0428/2020042801398.pdf
1001,https://www1.hkexnews.hk/listedco/listconews/sehk/2020/0428/2020042801388.pdf
1002,https://www1.hkexnews.hk/listedco/listconews/sehk/2020/0428/2020042801382.pdf
1003,https://www1.hkexnews.hk/listedco/listconews/sehk/2020/0428/2020042801378.pdf
1004,https://www1.hkexnews.hk/listedco/listconews/sehk/2020/0428/2020042801364.pdf
1005,https://www1.hkexnews.hk/listedco/listconews/sehk/2020/0428/2020042801352.pdf
1006,https://www1.hkexnews.hk/listedco/listconews/sehk/2020/0428/2020042801348.pdf
1007,https://www1.hkexnews.hk/listedco/listconews/sehk/2020/0428/2020042801332.pdf
1008,https://www1.hkexnews.hk/listedco/listconews/sehk/2020/0428/2020042801316.pdf
1009,https://www1.hkexnews.hk/listedco/listconews/sehk/2020/0428/2020042801304.pdf
1010,https://www1.hkexnews.hk/listedco/listconews/sehk/2020/0428/2020042801298.pdf
1079,https://www1.hkexnews.hk/listedco/listconews/sehk/2020/0428/2020042800734.pdf
1108,https://www1.hkexnews.hk/listedco/listconews/sehk/2020/0428/2020042800065.pdf
1109,https://www1.hkexnews.hk/listedco/listconews/sehk/2020/0428/2020042800057.pdf
1110,https://www1.hkexnews.hk/listedco/listconews/sehk/2020/0428/2020042800055.pdf
1111,https://www1.hkexnews.hk/listedco/listconews/sehk/2020/0428/2020042800045.pdf
1112,https://www1.hkexnews.hk/listedco/listconews/sehk/2020/0428/2020042800035.pdf
1113,https://www1.hkexnews.hk/listedco/listconews/sehk/2020/0428/2020042800023.pdf
1114,https://www1.hkexnews.hk/listedco/listconews/sehk/2020/0428/2020042800001.pdf
1115,https://www1.hkexnews.hk/listedco/listconews/sehk/2020/0427/2020042702971.pdf
1116,https://www1.hkexnews.hk/listedco/listconews/sehk/2020/0427/2020042702953.pdf
1117,https://www1.hkexnews.hk/listedco/listconews/sehk/2020/0427/2020042702939.pdf
1118,https://www1.hkexnews.hk/listedco/listconews/sehk/2020/0427/2020042702814.pdf
1119,https://www1.hkexnews.hk/listedco/listconews/sehk/2020/0427/2020042702676.pdf
1120,https://www1.hkexnews.hk/listedco/listconews/sehk/2020/0427/2020042702642.pdf
1121,https://www1.hkexnews.hk/listedco/listconews/sehk/2020/0427/2020042702634.pdf
1122,https://www1.hkexnews.hk/listedco/listconews/sehk/2020/0427/2020042702616.pdf
1123,https://www1.hkexnews.hk/listedco/listconews/sehk/2020/0427/2020042702614.pdf
1124,https://www1.hkexnews.hk/listedco/listconews/sehk/2020/0427/2020042702572.pdf
1125,https://www1.hkexnews.hk/listedco/listconews/sehk/2020/0427/2020042702566.pdf
1126,https://www1.hkexnews.hk/listedco/listconews/sehk/2020/0427/2020042702518.pdf
1127,https://www1.hkexnews.hk/listedco/listconews/sehk/2020/0427/2020042702500.pdf
1128,https://www1.hkexnews.hk/listedco/listconews/sehk/2020/0427/2020042702484.pdf
1129,https://www1.hkexnews.hk/listedco/listconews/sehk/2020/0427/2020042702474.pdf
1130,https://www1.hkexnews.hk/listedco/listconews/sehk/2020/0427/2020042702467.pdf
1131,https://www1.hkexnews.hk/listedco/listconews/sehk/2020/0427/2020042702434.pdf
1132,https://www1.hkexnews.hk/listedco/listconews/sehk/2020/0427/2020042702430.pdf
1133,https://www1.hkexnews.hk/listedco/listconews/sehk/2020/0427/2020042702428.pdf
1134,https://www1.hkexnews.hk/listedco/listconews/sehk/2020/0427/2020042702426.pdf
1135,https://www1.hkexnews.hk/listedco/listconews/sehk/2020/0427/2020042702376.pdf
1136,https://www1.hkexnews.hk/listedco/listconews/sehk/2020/0427/2020042702310.pdf
1137,https://www1.hkexnews.hk/listedco/listconews/sehk/2020/0427/2020042702211.pdf
1138,https://www1.hkexnews.hk/listedco/listconews/sehk/2020/0427/2020042702094.pdf
1139,https://www1.hkexnews.hk/listedco/listconews/sehk/2020/0427/2020042702085.pdf
1140,https://www1.hkexnews.hk/listedco/listconews/sehk/2020/0427/2020042702065.pdf
1141,https://www1.hkexnews.hk/listedco/listconews/sehk/2020/0427/2020042702060.pdf
1142,https://www1.hkexnews.hk/listedco/listconews/sehk/2020/0427/2020042702055.pdf
1143,https://www1.hkexnews.hk/listedco/listconews/sehk/2020/0427/2020042702049.pdf
1144,https://www1.hkexnews.hk/listedco/listconews/sehk/2020/0427/2020042702002.pdf
1145,https://www1.hkexnews.hk/listedco/listconews/sehk/2020/0427/2020042701988.pdf
1146,https://www1.hkexnews.hk/listedco/listconews/sehk/2020/0427/2020042701968.pdf
1147,https://www1.hkexnews.hk/listedco/listconews/sehk/2020/0427/2020042701966.pdf
