outline,link
Independent auditor’s report,https://www1.hkexnews.hk/listedco/listconews/sehk/2020/0803/2020080303826.pdf
Independent auditor’s report,https://www1.hkexnews.hk/listedco/listconews/sehk/2020/0802/2020080200033.pdf
Independent auditor’s report,https://www1.hkexnews.hk/listedco/listconews/sehk/2020/0731/2020073101878.pdf
Independent auditor’s report,https://www1.hkexnews.hk/listedco/listconews/gem/2020/0731/2020073101736.pdf
Independent auditor’s report,https://www1.hkexnews.hk/listedco/listconews/gem/2020/0731/2020073101452.pdf
Independent auditor's report,https://www1.hkexnews.hk/listedco/listconews/gem/2020/0731/2020073101356.pdf
Independent auditor’s report,https://www1.hkexnews.hk/listedco/listconews/sehk/2020/0731/2020073100966.pdf
Independent auditor’s report,https://www1.hkexnews.hk/listedco/listconews/sehk/2020/0731/2020073100628.pdf
Independent auditor’s report,https://www1.hkexnews.hk/listedco/listconews/sehk/2020/0731/2020073100624.pdf
Independent auditor’s report,https://www1.hkexnews.hk/listedco/listconews/sehk/2020/0731/2020073100530.pdf
Independent auditor’s report,https://www1.hkexnews.hk/listedco/listconews/sehk/2020/0731/2020073100409.pdf
Independent auditor’s report,https://www1.hkexnews.hk/listedco/listconews/sehk/2020/0731/2020073100379.pdf
Independent auditor’s report,https://www1.hkexnews.hk/listedco/listconews/sehk/2020/0731/2020073100319.pdf
Independent auditor’s report,https://www1.hkexnews.hk/listedco/listconews/sehk/2020/0731/2020073100291.pdf
Independent auditor’s report,https://www1.hkexnews.hk/listedco/listconews/sehk/2020/0731/2020073100263.pdf
Independent auditor’s report,https://www1.hkexnews.hk/listedco/listconews/sehk/2020/0731/2020073100241.pdf
Independent auditor’s report,https://www1.hkexnews.hk/listedco/listconews/sehk/2020/0731/2020073100017.pdf
Independent auditor’s report,https://www1.hkexnews.hk/listedco/listconews/sehk/2020/0730/2020073001783.pdf
Independent auditor’s report,https://www1.hkexnews.hk/listedco/listconews/sehk/2020/0730/2020073001739.pdf
Independent auditor’s report,https://www1.hkexnews.hk/listedco/listconews/sehk/2020/0730/2020073001737.pdf
Independent auditors’ report,https://www1.hkexnews.hk/listedco/listconews/sehk/2020/0730/2020073001325.pdf
Independent auditors report,https://www1.hkexnews.hk/listedco/listconews/sehk/2020/0730/2020073001319.pdf
Independent auditor’s report,https://www1.hkexnews.hk/listedco/listconews/sehk/2020/0730/2020073001274.pdf
Independent auditor's report,https://www1.hkexnews.hk/listedco/listconews/sehk/2020/0730/2020073001251.pdf
Independent auditor’s report,https://www1.hkexnews.hk/listedco/listconews/sehk/2020/0730/2020073001158.pdf
Independent auditor’s report,https://www1.hkexnews.hk/listedco/listconews/sehk/2020/0730/2020073001154.pdf
Independent auditor’s report,https://www1.hkexnews.hk/listedco/listconews/sehk/2020/0730/2020073001097.pdf
Independent auditor’s report,https://www1.hkexnews.hk/listedco/listconews/sehk/2020/0730/2020073001035.pdf
Independent auditors’ report,https://www1.hkexnews.hk/listedco/listconews/sehk/2020/0730/2020073001029.pdf
Independent auditor’s report,https://www1.hkexnews.hk/listedco/listconews/sehk/2020/0730/2020073001006.pdf
Independent auditor’s report,https://www1.hkexnews.hk/listedco/listconews/sehk/2020/0730/2020073000998.pdf
Independent auditor’s report,https://www1.hkexnews.hk/listedco/listconews/sehk/2020/0730/2020073000993.pdf
Independent auditor’s report,https://www1.hkexnews.hk/listedco/listconews/sehk/2020/0730/2020073000955.pdf
Independent auditor’s report,https://www1.hkexnews.hk/listedco/listconews/sehk/2020/0730/2020073000953.pdf
Independent auditor’s report,https://www1.hkexnews.hk/listedco/listconews/sehk/2020/0730/2020073000937.pdf
Independent auditor’s report,https://www1.hkexnews.hk/listedco/listconews/sehk/2020/0730/2020073000877.pdf
Independent auditor’s report,https://www1.hkexnews.hk/listedco/listconews/sehk/2020/0730/2020073000863.pdf
Independent auditor's report,https://www1.hkexnews.hk/listedco/listconews/sehk/2020/0730/2020073000825.pdf
Independent auditor’s report,https://www1.hkexnews.hk/listedco/listconews/sehk/2020/0730/2020073000823.pdf
Independent auditor’s report,https://www1.hkexnews.hk/listedco/listconews/sehk/2020/0730/2020073000813.pdf
Independent auditor’s report,https://www1.hkexnews.hk/listedco/listconews/sehk/2020/0730/2020073000811.pdf
Independent auditor’s report,https://www1.hkexnews.hk/listedco/listconews/sehk/2020/0730/2020073000799.pdf
Independent auditor’s report,https://www1.hkexnews.hk/listedco/listconews/sehk/2020/0730/2020073000773.pdf
Independent auditor’s report,https://www1.hkexnews.hk/listedco/listconews/sehk/2020/0730/2020073000769.pdf
Independent auditors’ report,https://www1.hkexnews.hk/listedco/listconews/sehk/2020/0730/2020073000724.pdf
Independent auditor's report,https://www1.hkexnews.hk/listedco/listconews/sehk/2020/0730/2020073000722.pdf
Independent auditor’s report,https://www1.hkexnews.hk/listedco/listconews/sehk/2020/0730/2020073000694.pdf
Independent auditor’s report,https://www1.hkexnews.hk/listedco/listconews/sehk/2020/0730/2020073000630.pdf
Independent auditor’s report,https://www1.hkexnews.hk/listedco/listconews/sehk/2020/0730/2020073000624.pdf
Independent auditor’s report,https://www1.hkexnews.hk/listedco/listconews/sehk/2020/0730/2020073000614.pdf
Independent auditor’s report,https://www1.hkexnews.hk/listedco/listconews/gem/2020/0730/2020073000512.pdf
Independent auditor’s report,https://www1.hkexnews.hk/listedco/listconews/sehk/2020/0730/2020073000500.pdf
Independent auditors’ report,https://www1.hkexnews.hk/listedco/listconews/sehk/2020/0730/2020073000108.pdf
Independent auditor’s report,https://www1.hkexnews.hk/listedco/listconews/sehk/2020/0730/2020073000047.pdf
Independent auditor’s report,https://www1.hkexnews.hk/listedco/listconews/sehk/2020/0730/2020073000037.pdf
Independent auditors’ report,https://www1.hkexnews.hk/listedco/listconews/sehk/2020/0730/2020073000009.pdf
Independent auditor’s report,https://www1.hkexnews.hk/listedco/listconews/sehk/2020/0730/2020073000007.pdf
Independent auditor’s report,https://www1.hkexnews.hk/listedco/listconews/sehk/2020/0729/2020072901150.pdf
Independent auditor's report,https://www1.hkexnews.hk/listedco/listconews/sehk/2020/0729/2020072901106.pdf
Independent auditor’s report,https://www1.hkexnews.hk/listedco/listconews/sehk/2020/0729/2020072900936.pdf
Independent auditor's report,https://www1.hkexnews.hk/listedco/listconews/sehk/2020/0729/2020072900878.pdf
Independent auditor’s report,https://www1.hkexnews.hk/listedco/listconews/sehk/2020/0729/2020072900836.pdf
Independent auditor’s report,https://www1.hkexnews.hk/listedco/listconews/sehk/2020/0729/2020072900821.pdf
Independent auditor’s report,https://www1.hkexnews.hk/listedco/listconews/sehk/2020/0729/2020072900762.pdf
Independent auditor’s report,https://www1.hkexnews.hk/listedco/listconews/sehk/2020/0729/2020072900680.pdf
Independent auditor’s report,https://www1.hkexnews.hk/listedco/listconews/sehk/2020/0729/2020072900650.pdf
Independent auditor's report,https://www1.hkexnews.hk/listedco/listconews/sehk/2020/0729/2020072900636.pdf
Independent auditor’s report,https://www1.hkexnews.hk/listedco/listconews/sehk/2020/0729/2020072900627.pdf
Independent auditor's report,https://www1.hkexnews.hk/listedco/listconews/sehk/2020/0729/2020072900587.pdf
Independent auditor’s report,https://www1.hkexnews.hk/listedco/listconews/sehk/2020/0729/2020072900535.pdf
Independent auditor’s report,https://www1.hkexnews.hk/listedco/listconews/sehk/2020/0729/2020072900533.pdf
Independent auditor’s report,https://www1.hkexnews.hk/listedco/listconews/sehk/2020/0729/2020072900507.pdf
Independent auditor’s report,https://www1.hkexnews.hk/listedco/listconews/sehk/2020/0729/2020072900505.pdf
Independent auditor’s report,https://www1.hkexnews.hk/listedco/listconews/sehk/2020/0729/2020072900499.pdf
Independent auditor’s report,https://www1.hkexnews.hk/listedco/listconews/sehk/2020/0729/2020072900497.pdf
Independent auditor’s report,https://www1.hkexnews.hk/listedco/listconews/sehk/2020/0729/2020072900475.pdf
Independent auditor's report,https://www1.hkexnews.hk/listedco/listconews/sehk/2020/0729/2020072900418.pdf
Independent auditor's report,https://www1.hkexnews.hk/listedco/listconews/sehk/2020/0729/2020072900408.pdf
Independent auditors’ report,https://www1.hkexnews.hk/listedco/listconews/gem/2020/0729/2020072900390.pdf
Independent auditor’s report,https://www1.hkexnews.hk/listedco/listconews/sehk/2020/0729/2020072900388.pdf
Independent auditor’s report,https://www1.hkexnews.hk/listedco/listconews/sehk/2020/0729/2020072900382.pdf
Independent auditor's report,https://www1.hkexnews.hk/listedco/listconews/sehk/2020/0729/2020072900350.pdf
Independent auditor’s report,https://www1.hkexnews.hk/listedco/listconews/sehk/2020/0729/2020072900342.pdf
Independent auditor’s report,https://www1.hkexnews.hk/listedco/listconews/sehk/2020/0729/2020072900320.pdf
Independent auditor’s report,https://www1.hkexnews.hk/listedco/listconews/sehk/2020/0729/2020072900292.pdf
Independent auditors’ report,https://www1.hkexnews.hk/listedco/listconews/sehk/2020/0729/2020072900155.pdf
Independent auditor’s report,https://www1.hkexnews.hk/listedco/listconews/sehk/2020/0728/2020072801178.pdf
Independent auditor’s report,https://www1.hkexnews.hk/listedco/listconews/sehk/2020/0728/2020072800870.pdf
Independent auditors’ report,https://www1.hkexnews.hk/listedco/listconews/sehk/2020/0728/2020072800836.pdf
Independent auditor’s report,https://www1.hkexnews.hk/listedco/listconews/sehk/2020/0728/2020072800808.pdf
Independent auditor’s report,https://www1.hkexnews.hk/listedco/listconews/sehk/2020/0728/2020072800527.pdf
Independent auditor’s report,https://www1.hkexnews.hk/listedco/listconews/sehk/2020/0728/2020072800513.pdf
Independent auditor’s report,https://www1.hkexnews.hk/listedco/listconews/sehk/2020/0728/2020072800475.pdf
Independent auditor’s report,https://www1.hkexnews.hk/listedco/listconews/sehk/2020/0728/2020072800473.pdf
Independent auditor’s report,https://www1.hkexnews.hk/listedco/listconews/sehk/2020/0728/2020072800454.pdf
Independent auditor’s report,https://www1.hkexnews.hk/listedco/listconews/sehk/2020/0728/2020072800446.pdf
Independent auditor’s report,https://www1.hkexnews.hk/listedco/listconews/sehk/2020/0728/2020072800342.pdf
Independent auditor’s report,https://www1.hkexnews.hk/listedco/listconews/sehk/2020/0728/2020072800292.pdf
Independent auditor’s report,https://www1.hkexnews.hk/listedco/listconews/sehk/2020/0728/2020072800263.pdf
Independent auditor’s report,https://www1.hkexnews.hk/listedco/listconews/sehk/2020/0728/2020072800129.pdf
Independent auditor’s report,https://www1.hkexnews.hk/listedco/listconews/sehk/2020/0727/2020072701507.pdf
Independent auditors’ report,https://www1.hkexnews.hk/listedco/listconews/sehk/2020/0727/2020072701317.pdf
Independent auditors’ report,https://www1.hkexnews.hk/listedco/listconews/sehk/2020/0727/2020072700957.pdf
Independent auditor’s report,https://www1.hkexnews.hk/listedco/listconews/sehk/2020/0727/2020072700942.pdf
Independent auditors’ report,https://www1.hkexnews.hk/listedco/listconews/sehk/2020/0727/2020072700728.pdf
Independent auditor’s report,https://www1.hkexnews.hk/listedco/listconews/sehk/2020/0727/2020072700682.pdf
Independent auditor’s report,https://www1.hkexnews.hk/listedco/listconews/sehk/2020/0727/2020072700670.pdf
Independent auditor’s report,https://www1.hkexnews.hk/listedco/listconews/sehk/2020/0727/2020072700604.pdf
Independent auditor’s report,https://www1.hkexnews.hk/listedco/listconews/sehk/2020/0727/2020072700598.pdf
Independent auditor’s report,https://www1.hkexnews.hk/listedco/listconews/sehk/2020/0727/2020072700588.pdf
Independent auditor’s report,https://www1.hkexnews.hk/listedco/listconews/sehk/2020/0727/2020072700580.pdf
Independent auditor’s report,https://www1.hkexnews.hk/listedco/listconews/sehk/2020/0727/2020072700570.pdf
Independent auditor’s report,https://www1.hkexnews.hk/listedco/listconews/sehk/2020/0727/2020072700551.pdf
Independent auditors’ report,https://www1.hkexnews.hk/listedco/listconews/sehk/2020/0727/2020072700477.pdf
Independent auditor’s report,https://www1.hkexnews.hk/listedco/listconews/sehk/2020/0727/2020072700471.pdf
Independent auditor's report,https://www1.hkexnews.hk/listedco/listconews/sehk/2020/0727/2020072700417.pdf
Independent auditor’s report,https://www1.hkexnews.hk/listedco/listconews/sehk/2020/0727/2020072700405.pdf
Independent auditor’s report,https://www1.hkexnews.hk/listedco/listconews/sehk/2020/0727/2020072700403.pdf
Independent auditor’s report,https://www1.hkexnews.hk/listedco/listconews/sehk/2020/0727/2020072700339.pdf
Independent auditors’ report,https://www1.hkexnews.hk/listedco/listconews/sehk/2020/0727/2020072700163.pdf
Independent auditor’s report,https://www1.hkexnews.hk/listedco/listconews/sehk/2020/0724/2020072401446.pdf
Independent auditor’s report,https://www1.hkexnews.hk/listedco/listconews/sehk/2020/0724/2020072401122.pdf
Independent auditors report,https://www1.hkexnews.hk/listedco/listconews/sehk/2020/0724/2020072400992.pdf
Independent auditor’s report,https://www1.hkexnews.hk/listedco/listconews/sehk/2020/0724/2020072400950.pdf
Independent auditor’s report,https://www1.hkexnews.hk/listedco/listconews/sehk/2020/0724/2020072400731.pdf
Independent auditor’s report,https://www1.hkexnews.hk/listedco/listconews/sehk/2020/0724/2020072400727.pdf
Independent auditor’s report,https://www1.hkexnews.hk/listedco/listconews/sehk/2020/0724/2020072400677.pdf
Independent auditor’s report,https://www1.hkexnews.hk/listedco/listconews/sehk/2020/0724/2020072400603.pdf
Independent auditors’ report,https://www1.hkexnews.hk/listedco/listconews/sehk/2020/0724/2020072400597.pdf
Independent auditor’s report,https://www1.hkexnews.hk/listedco/listconews/sehk/2020/0724/2020072400583.pdf
Independent auditor's report,https://www1.hkexnews.hk/listedco/listconews/sehk/2020/0724/2020072400579.pdf
Independent auditor’s report,https://www1.hkexnews.hk/listedco/listconews/sehk/2020/0724/2020072400558.pdf
Independent auditor’s report,https://www1.hkexnews.hk/listedco/listconews/sehk/2020/0724/2020072400550.pdf
Independent auditor's report,https://www1.hkexnews.hk/listedco/listconews/sehk/2020/0724/2020072400490.pdf
Independent auditor’s report,https://www1.hkexnews.hk/listedco/listconews/sehk/2020/0724/2020072400454.pdf
Independent auditor’s report,https://www1.hkexnews.hk/listedco/listconews/sehk/2020/0724/2020072400215.pdf
Independent auditor’s report,https://www1.hkexnews.hk/listedco/listconews/sehk/2020/0723/2020072301280.pdf
Independent auditor’s report,https://www1.hkexnews.hk/listedco/listconews/sehk/2020/0723/2020072301101.pdf
Independent auditors’ report,https://www1.hkexnews.hk/listedco/listconews/sehk/2020/0723/2020072301013.pdf
Independent auditor’s report,https://www1.hkexnews.hk/listedco/listconews/sehk/2020/0723/2020072300897.pdf
Independent auditor’s report,https://www1.hkexnews.hk/listedco/listconews/sehk/2020/0723/2020072300893.pdf
Independent auditor’s report,https://www1.hkexnews.hk/listedco/listconews/sehk/2020/0723/2020072300680.pdf
Independent auditor’s report,https://www1.hkexnews.hk/listedco/listconews/sehk/2020/0723/2020072300678.pdf
Independent auditor’s report,https://www1.hkexnews.hk/listedco/listconews/sehk/2020/0723/2020072300600.pdf
Independent auditor’s report,https://www1.hkexnews.hk/listedco/listconews/sehk/2020/0723/2020072300590.pdf
Independent auditor’s report,https://www1.hkexnews.hk/listedco/listconews/sehk/2020/0723/2020072300584.pdf
Independent auditor’s report,https://www1.hkexnews.hk/listedco/listconews/sehk/2020/0723/2020072300556.pdf
Independent auditors’ report,https://www1.hkexnews.hk/listedco/listconews/sehk/2020/0723/2020072300498.pdf
Independent auditor’s report,https://www1.hkexnews.hk/listedco/listconews/sehk/2020/0723/2020072300476.pdf
Independent auditors' report,https://www1.hkexnews.hk/listedco/listconews/gem/2020/0723/2020072300452.pdf
Independent auditor’s report,https://www1.hkexnews.hk/listedco/listconews/sehk/2020/0723/2020072300448.pdf
Independent auditor's report,https://www1.hkexnews.hk/listedco/listconews/sehk/2020/0723/2020072300444.pdf
Independent auditor’s report,https://www1.hkexnews.hk/listedco/listconews/sehk/2020/0723/2020072300438.pdf
Independent auditor’s report,https://www1.hkexnews.hk/listedco/listconews/sehk/2020/0723/2020072300426.pdf
Independent auditor’s report,https://www1.hkexnews.hk/listedco/listconews/sehk/2020/0723/2020072300410.pdf
Independent auditors report,https://www1.hkexnews.hk/listedco/listconews/sehk/2020/0723/2020072300399.pdf
Independent auditor’s report,https://www1.hkexnews.hk/listedco/listconews/sehk/2020/0723/2020072300395.pdf
Independent auditor’s report,https://www1.hkexnews.hk/listedco/listconews/sehk/2020/0723/2020072300391.pdf
Independent auditor’s report,https://www1.hkexnews.hk/listedco/listconews/sehk/2020/0723/2020072300301.pdf
Independent auditor’s report,https://www1.hkexnews.hk/listedco/listconews/sehk/2020/0723/2020072300219.pdf
Independent auditor’s report,https://www1.hkexnews.hk/listedco/listconews/sehk/2020/0722/2020072201173.pdf
Independent auditor’s report,https://www1.hkexnews.hk/listedco/listconews/sehk/2020/0722/2020072200865.pdf
Independent auditor’s report,https://www1.hkexnews.hk/listedco/listconews/sehk/2020/0722/2020072200804.pdf
Independent auditors' report,https://www1.hkexnews.hk/listedco/listconews/sehk/2020/0722/2020072200757.pdf
Independent auditor’s report,https://www1.hkexnews.hk/listedco/listconews/sehk/2020/0722/2020072200734.pdf
Independent auditor’s report,https://www1.hkexnews.hk/listedco/listconews/sehk/2020/0722/2020072200653.pdf
Independent auditor’s report,https://www1.hkexnews.hk/listedco/listconews/sehk/2020/0722/2020072200600.pdf
Independent auditor’s report,https://www1.hkexnews.hk/listedco/listconews/sehk/2020/0722/2020072200596.pdf
Independent auditor's report,https://www1.hkexnews.hk/listedco/listconews/sehk/2020/0722/2020072200572.pdf
Independent auditor's report,https://www1.hkexnews.hk/listedco/listconews/sehk/2020/0722/2020072200554.pdf
Independent auditor’s report,https://www1.hkexnews.hk/listedco/listconews/sehk/2020/0722/2020072200488.pdf
Independent auditor’s report,https://www1.hkexnews.hk/listedco/listconews/sehk/2020/0722/2020072200478.pdf
Independent auditors’ report,https://www1.hkexnews.hk/listedco/listconews/sehk/2020/0722/2020072200462.pdf
Independent auditor’s report,https://www1.hkexnews.hk/listedco/listconews/sehk/2020/0722/2020072200440.pdf
Independent auditors report,https://www1.hkexnews.hk/listedco/listconews/sehk/2020/0722/2020072200438.pdf
Independent auditor’s report,https://www1.hkexnews.hk/listedco/listconews/sehk/2020/0722/2020072200434.pdf
Independent auditor’s report,https://www1.hkexnews.hk/listedco/listconews/sehk/2020/0722/2020072200342.pdf
Independent auditor's report,https://www1.hkexnews.hk/listedco/listconews/sehk/2020/0722/2020072200312.pdf
Independent auditor’s report,https://www1.hkexnews.hk/listedco/listconews/sehk/2020/0722/2020072200165.pdf
Independent auditor’s report,https://www1.hkexnews.hk/listedco/listconews/sehk/2020/0722/2020072200027.pdf
Independent auditor’s report,https://www1.hkexnews.hk/listedco/listconews/sehk/2020/0721/2020072101475.pdf
Independent auditor’s report,https://www1.hkexnews.hk/listedco/listconews/sehk/2020/0721/2020072101273.pdf
Independent auditor’s report,https://www1.hkexnews.hk/listedco/listconews/sehk/2020/0721/2020072101136.pdf
Independent auditor’s report,https://www1.hkexnews.hk/listedco/listconews/sehk/2020/0721/2020072101044.pdf
Independent auditor’s report,https://www1.hkexnews.hk/listedco/listconews/sehk/2020/0721/2020072100713.pdf
Independent auditor’s report,https://www1.hkexnews.hk/listedco/listconews/sehk/2020/0721/2020072100655.pdf
Independent auditor’s report,https://www1.hkexnews.hk/listedco/listconews/sehk/2020/0721/2020072100637.pdf
Independent auditor’s report,https://www1.hkexnews.hk/listedco/listconews/sehk/2020/0721/2020072100609.pdf
Independent auditor’s report,https://www1.hkexnews.hk/listedco/listconews/sehk/2020/0721/2020072100607.pdf
Independent auditor’s report,https://www1.hkexnews.hk/listedco/listconews/sehk/2020/0721/2020072100601.pdf
Independent auditor’s report,https://www1.hkexnews.hk/listedco/listconews/sehk/2020/0721/2020072100549.pdf
Independent auditor’s report,https://www1.hkexnews.hk/listedco/listconews/sehk/2020/0721/2020072100487.pdf
Independent auditor’s report,https://www1.hkexnews.hk/listedco/listconews/sehk/2020/0721/2020072100485.pdf
Independent auditor’s report,https://www1.hkexnews.hk/listedco/listconews/sehk/2020/0721/2020072100333.pdf
Independent auditor’s report,https://www1.hkexnews.hk/listedco/listconews/sehk/2020/0721/2020072100213.pdf
Independent auditor’s report,https://www1.hkexnews.hk/listedco/listconews/sehk/2020/0720/2020072000601.pdf
Independent auditors’ report,https://www1.hkexnews.hk/listedco/listconews/sehk/2020/0720/2020072000561.pdf
Independent auditor’s report,https://www1.hkexnews.hk/listedco/listconews/sehk/2020/0720/2020072000518.pdf
Independent auditor’s report,https://www1.hkexnews.hk/listedco/listconews/sehk/2020/0720/2020072000498.pdf
Independent auditor’s report,https://www1.hkexnews.hk/listedco/listconews/sehk/2020/0720/2020072000494.pdf
Independent auditor’s report,https://www1.hkexnews.hk/listedco/listconews/sehk/2020/0720/2020072000113.pdf
Independent auditor’s report,https://www1.hkexnews.hk/listedco/listconews/sehk/2020/0719/2020071900019.pdf
Independent auditor’s report,https://www1.hkexnews.hk/listedco/listconews/sehk/2020/0719/2020071900015.pdf
Independent auditor’s report,https://www1.hkexnews.hk/listedco/listconews/sehk/2020/0717/2020071701202.pdf
Independent auditor's report,https://www1.hkexnews.hk/listedco/listconews/sehk/2020/0717/2020071701061.pdf
Independent auditor’s report,https://www1.hkexnews.hk/listedco/listconews/sehk/2020/0717/2020071700849.pdf
Independent auditor’s report,https://www1.hkexnews.hk/listedco/listconews/sehk/2020/0717/2020071700747.pdf
Independent auditor’s report,https://www1.hkexnews.hk/listedco/listconews/sehk/2020/0717/2020071700726.pdf
Independent auditor’s report,https://www1.hkexnews.hk/listedco/listconews/sehk/2020/0717/2020071700724.pdf
Independent auditor’s report,https://www1.hkexnews.hk/listedco/listconews/sehk/2020/0717/2020071700637.pdf
Independent auditor’s report,https://www1.hkexnews.hk/listedco/listconews/sehk/2020/0717/2020071700621.pdf
Independent auditor’s report,https://www1.hkexnews.hk/listedco/listconews/sehk/2020/0717/2020071700529.pdf
Independent auditor’s report,https://www1.hkexnews.hk/listedco/listconews/sehk/2020/0717/2020071700499.pdf
Independent auditor’s report,https://www1.hkexnews.hk/listedco/listconews/sehk/2020/0717/2020071700480.pdf
Independent auditor's report,https://www1.hkexnews.hk/listedco/listconews/sehk/2020/0717/2020071700428.pdf
Independent auditor’s report,https://www1.hkexnews.hk/listedco/listconews/sehk/2020/0717/2020071700400.pdf
Independent auditor’s report,https://www1.hkexnews.hk/listedco/listconews/sehk/2020/0717/2020071700388.pdf
Independent auditors’ report,https://www1.hkexnews.hk/listedco/listconews/sehk/2020/0717/2020071700127.pdf
Independent auditor’s report,https://www1.hkexnews.hk/listedco/listconews/sehk/2020/0717/2020071700051.pdf
Independent auditor’s report,https://www1.hkexnews.hk/listedco/listconews/sehk/2020/0717/2020071700031.pdf
Independent auditor’s report,https://www1.hkexnews.hk/listedco/listconews/sehk/2020/0717/2020071700007.pdf
Independent auditor’s report,https://www1.hkexnews.hk/listedco/listconews/sehk/2020/0716/2020071601188.pdf
Independent auditor’s report,https://www1.hkexnews.hk/listedco/listconews/sehk/2020/0716/2020071601178.pdf
Independent auditor’s report,https://www1.hkexnews.hk/listedco/listconews/sehk/2020/0716/2020071601089.pdf
Independent auditor’s report,https://www1.hkexnews.hk/listedco/listconews/sehk/2020/0716/2020071600963.pdf
Independent auditors’ report,https://www1.hkexnews.hk/listedco/listconews/sehk/2020/0716/2020071600949.pdf
Independent auditor’s report,https://www1.hkexnews.hk/listedco/listconews/sehk/2020/0716/2020071600886.pdf
Independent auditors’ report,https://www1.hkexnews.hk/listedco/listconews/sehk/2020/0716/2020071600863.pdf
Independent auditors’ report,https://www1.hkexnews.hk/listedco/listconews/sehk/2020/0716/2020071600702.pdf
Independent auditor’s report,https://www1.hkexnews.hk/listedco/listconews/sehk/2020/0716/2020071600648.pdf
Independent auditor’s report,https://www1.hkexnews.hk/listedco/listconews/sehk/2020/0716/2020071600576.pdf
Independent auditor’s report,https://www1.hkexnews.hk/listedco/listconews/sehk/2020/0716/2020071600560.pdf
Independent auditor’s report,https://www1.hkexnews.hk/listedco/listconews/sehk/2020/0716/2020071600556.pdf
Independent auditor’s report,https://www1.hkexnews.hk/listedco/listconews/sehk/2020/0716/2020071600552.pdf
Independent auditor’s report,https://www1.hkexnews.hk/listedco/listconews/sehk/2020/0716/2020071600536.pdf
Independent auditor’s report,https://www1.hkexnews.hk/listedco/listconews/sehk/2020/0716/2020071600518.pdf
Independent auditor’s report,https://www1.hkexnews.hk/listedco/listconews/sehk/2020/0716/2020071600480.pdf
Independent auditor's report,https://www1.hkexnews.hk/listedco/listconews/sehk/2020/0716/2020071600474.pdf
Independent auditor’s report,https://www1.hkexnews.hk/listedco/listconews/sehk/2020/0715/2020071500470.pdf
Independent auditor’s report,https://www1.hkexnews.hk/listedco/listconews/sehk/2020/0715/2020071500451.pdf
Independent auditor’s report,https://www1.hkexnews.hk/listedco/listconews/sehk/2020/0715/2020071500419.pdf
Independent auditor’s report,https://www1.hkexnews.hk/listedco/listconews/sehk/2020/0715/2020071500377.pdf
Independent auditor’s report,https://www1.hkexnews.hk/listedco/listconews/sehk/2020/0715/2020071500329.pdf
Independent auditor’s report,https://www1.hkexnews.hk/listedco/listconews/sehk/2020/0715/2020071500213.pdf
Independent auditor’s report,https://www1.hkexnews.hk/listedco/listconews/sehk/2020/0715/2020071500005.pdf
Independent auditor’s report,https://www1.hkexnews.hk/listedco/listconews/sehk/2020/0714/2020071401074.pdf
Independent auditor’s report,https://www1.hkexnews.hk/listedco/listconews/sehk/2020/0714/2020071401058.pdf
Independent auditor’s report,https://www1.hkexnews.hk/listedco/listconews/sehk/2020/0714/2020071400977.pdf
Independent auditor’s report,https://www1.hkexnews.hk/listedco/listconews/sehk/2020/0714/2020071400871.pdf
Independent auditor’s report,https://www1.hkexnews.hk/listedco/listconews/sehk/2020/0714/2020071400735.pdf
Independent auditors’ report,https://www1.hkexnews.hk/listedco/listconews/sehk/2020/0714/2020071400721.pdf
Independent auditor’s report,https://www1.hkexnews.hk/listedco/listconews/sehk/2020/0714/2020071400717.pdf
Independent auditor’s report,https://www1.hkexnews.hk/listedco/listconews/sehk/2020/0714/2020071400612.pdf
Independent auditor’s report,https://www1.hkexnews.hk/listedco/listconews/sehk/2020/0714/2020071400598.pdf
Independent auditor’s report,https://www1.hkexnews.hk/listedco/listconews/sehk/2020/0714/2020071400590.pdf
Independent auditor’s report,https://www1.hkexnews.hk/listedco/listconews/sehk/2020/0714/2020071400576.pdf
Independent auditors’ report,https://www1.hkexnews.hk/listedco/listconews/sehk/2020/0714/2020071400564.pdf
Independent auditor’s report,https://www1.hkexnews.hk/listedco/listconews/sehk/2020/0713/2020071300746.pdf
Independent auditor’s report,https://www1.hkexnews.hk/listedco/listconews/sehk/2020/0713/2020071300376.pdf
Independent auditors’ report,https://www1.hkexnews.hk/listedco/listconews/sehk/2020/0713/2020071300157.pdf
Independent auditor’s report,https://www1.hkexnews.hk/listedco/listconews/sehk/2020/0710/2020071000511.pdf
Independent auditor’s report,https://www1.hkexnews.hk/listedco/listconews/sehk/2020/0710/2020071000505.pdf
Independent auditor’s report,https://www1.hkexnews.hk/listedco/listconews/sehk/2020/0710/2020071000416.pdf
Independent auditor’s report,https://www1.hkexnews.hk/listedco/listconews/sehk/2020/0709/2020070901013.pdf
Independent auditor’s report,https://www1.hkexnews.hk/listedco/listconews/sehk/2020/0709/2020070900659.pdf
Independent auditor’s report,https://www1.hkexnews.hk/listedco/listconews/sehk/2020/0708/2020070800866.pdf
Independent auditor’s report,https://www1.hkexnews.hk/listedco/listconews/sehk/2020/0708/2020070800440.pdf
Independent auditor’s report,https://www1.hkexnews.hk/listedco/listconews/sehk/2020/0708/2020070800363.pdf
Independent auditor's report on the consolidated financial statements,https://www1.hkexnews.hk/listedco/listconews/sehk/2020/0707/2020070701693.pdf
Independent auditor’s report,https://www1.hkexnews.hk/listedco/listconews/sehk/2020/0707/2020070701577.pdf
Independent auditor’s report,https://www1.hkexnews.hk/listedco/listconews/sehk/2020/0707/2020070701188.pdf
Independent auditor’s report,https://www1.hkexnews.hk/listedco/listconews/sehk/2020/0707/2020070701022.pdf
Independent auditor’s report,https://www1.hkexnews.hk/listedco/listconews/sehk/2020/0707/2020070700890.pdf
Independent auditor’s report,https://www1.hkexnews.hk/listedco/listconews/sehk/2020/0707/2020070700792.pdf
Independent auditor’s report,https://www1.hkexnews.hk/listedco/listconews/sehk/2020/0707/2020070700123.pdf
Independent auditor’s report,https://www1.hkexnews.hk/listedco/listconews/sehk/2020/0706/2020070601968.pdf
Independent auditor’s report,https://www1.hkexnews.hk/listedco/listconews/sehk/2020/0706/2020070601946.pdf
Independent auditor’s report,https://www1.hkexnews.hk/listedco/listconews/gem/2020/0706/2020070601906.pdf
Independent auditor’s report,https://www1.hkexnews.hk/listedco/listconews/sehk/2020/0706/2020070600997.pdf
Independent auditor's report,https://www1.hkexnews.hk/listedco/listconews/sehk/2020/0706/2020070600947.pdf
Independent auditor’s report,https://www1.hkexnews.hk/listedco/listconews/sehk/2020/0706/2020070600895.pdf
Independent auditor’s report,https://www1.hkexnews.hk/listedco/listconews/gem/2020/0703/2020070302803.pdf
Independent auditor’s report,https://www1.hkexnews.hk/listedco/listconews/sehk/2020/0703/2020070301658.pdf
Independent auditor’s report,https://www1.hkexnews.hk/listedco/listconews/sehk/2020/0703/2020070301488.pdf
Independent auditor’s report,https://www1.hkexnews.hk/listedco/listconews/sehk/2020/0702/2020070203743.pdf
Independent auditor’s report,https://www1.hkexnews.hk/listedco/listconews/sehk/2020/0702/2020070203407.pdf
Independent auditor's report,https://www1.hkexnews.hk/listedco/listconews/gem/2020/0702/2020070202599.pdf
Independent auditor’s report,https://www1.hkexnews.hk/listedco/listconews/gem/2020/0702/2020070202255.pdf
Independent auditors’ report,https://www1.hkexnews.hk/listedco/listconews/sehk/2020/0702/2020070202029.pdf
Independent auditor’s report,https://www1.hkexnews.hk/listedco/listconews/sehk/2020/0702/2020070201571.pdf
Independent auditors’ report,https://www1.hkexnews.hk/listedco/listconews/gem/2020/0702/2020070200867.pdf
Independent auditors' report,https://www1.hkexnews.hk/listedco/listconews/gem/2020/0702/2020070200801.pdf
Independent auditor’s report,https://www1.hkexnews.hk/listedco/listconews/gem/2020/0702/2020070200074.pdf
Independent auditor’s report,https://www1.hkexnews.hk/listedco/listconews/gem/2020/0701/2020070100181.pdf
Independent auditor’s report,https://www1.hkexnews.hk/listedco/listconews/gem/2020/0701/2020070100101.pdf
Independent auditor’s report,https://www1.hkexnews.hk/listedco/listconews/gem/2020/0701/2020070100061.pdf
Independent auditor's report,https://www1.hkexnews.hk/listedco/listconews/gem/2020/0701/2020070100029.pdf
Independent auditors' report,https://www1.hkexnews.hk/listedco/listconews/gem/2020/0701/2020070100011.pdf
Independent auditor’s report,https://www1.hkexnews.hk/listedco/listconews/sehk/2020/0630/2020063002720.pdf
Independent auditors’ report,https://www1.hkexnews.hk/listedco/listconews/gem/2020/0630/2020063002702.pdf
Independent auditor’s report,https://www1.hkexnews.hk/listedco/listconews/sehk/2020/0630/2020063002676.pdf
Independent auditor’s report,https://www1.hkexnews.hk/listedco/listconews/gem/2020/0630/2020063002674.pdf
Independent auditor’s report,https://www1.hkexnews.hk/listedco/listconews/gem/2020/0630/2020063002664.pdf
Independent auditor’s report,https://www1.hkexnews.hk/listedco/listconews/gem/2020/0630/2020063002616.pdf
Independent auditor’s report,https://www1.hkexnews.hk/listedco/listconews/gem/2020/0630/2020063002460.pdf
Independent auditor’s report,https://www1.hkexnews.hk/listedco/listconews/gem/2020/0630/2020063002420.pdf
Independent auditor’s report,https://www1.hkexnews.hk/listedco/listconews/sehk/2020/0630/2020063002326.pdf
Independent auditor’s report,https://www1.hkexnews.hk/listedco/listconews/gem/2020/0630/2020063002260.pdf
Independent auditors’ report,https://www1.hkexnews.hk/listedco/listconews/gem/2020/0630/2020063001688.pdf
Independent auditors’ report,https://www1.hkexnews.hk/listedco/listconews/gem/2020/0630/2020063001678.pdf
Independent auditor’s report,https://www1.hkexnews.hk/listedco/listconews/sehk/2020/0630/2020063001518.pdf
Independent auditor’s report,https://www1.hkexnews.hk/listedco/listconews/gem/2020/0630/2020063001256.pdf
Independent auditors’ report,https://www1.hkexnews.hk/listedco/listconews/gem/2020/0630/2020063000956.pdf
Independent auditor’s report,https://www1.hkexnews.hk/listedco/listconews/gem/2020/0630/2020063000934.pdf
Independent auditors’ report,https://www1.hkexnews.hk/listedco/listconews/sehk/2020/0630/2020063000926.pdf
Independent auditor’s report,https://www1.hkexnews.hk/listedco/listconews/sehk/2020/0630/2020063000788.pdf
Independent auditor’s report,https://www1.hkexnews.hk/listedco/listconews/gem/2020/0630/2020063000786.pdf
Independent auditor’s report,https://www1.hkexnews.hk/listedco/listconews/gem/2020/0630/2020063000751.pdf
Independent auditors’ report,https://www1.hkexnews.hk/listedco/listconews/gem/2020/0630/2020063000709.pdf
Independent auditor's report,https://www1.hkexnews.hk/listedco/listconews/gem/2020/0630/2020063000705.pdf
Independent auditor’s report,https://www1.hkexnews.hk/listedco/listconews/gem/2020/0630/2020063000687.pdf
Independent auditor’s report,https://www1.hkexnews.hk/listedco/listconews/gem/2020/0630/2020063000683.pdf
Independent auditor’s report,https://www1.hkexnews.hk/listedco/listconews/gem/2020/0630/2020063000514.pdf
Independent auditor's report,https://www1.hkexnews.hk/listedco/listconews/gem/2020/0630/2020063000359.pdf
Independent auditor’s report,https://www1.hkexnews.hk/listedco/listconews/gem/2020/0630/2020063000335.pdf
Independent auditor’s report,https://www1.hkexnews.hk/listedco/listconews/gem/2020/0630/2020063000333.pdf
Independent auditor’s report,https://www1.hkexnews.hk/listedco/listconews/sehk/2020/0630/2020063000327.pdf
Independent auditors’ report,https://www1.hkexnews.hk/listedco/listconews/gem/2020/0630/2020063000295.pdf
Independent auditor’s report,https://www1.hkexnews.hk/listedco/listconews/sehk/2020/0630/2020063000185.pdf
Independent auditor’s report,https://www1.hkexnews.hk/listedco/listconews/gem/2020/0630/2020063000133.pdf
Independent auditor’s report,https://www1.hkexnews.hk/listedco/listconews/gem/2020/0630/2020063000069.pdf
Independent auditors’ report,https://www1.hkexnews.hk/listedco/listconews/sehk/2020/0630/2020063000053.pdf
Independent auditors’ report,https://www1.hkexnews.hk/listedco/listconews/gem/2020/0629/2020062902713.pdf
Independent auditor’s report,https://www1.hkexnews.hk/listedco/listconews/gem/2020/0629/2020062902347.pdf
Independent auditor's report,https://www1.hkexnews.hk/listedco/listconews/gem/2020/0629/2020062902181.pdf
Independent auditor’s report,https://www1.hkexnews.hk/listedco/listconews/sehk/2020/0629/2020062901915.pdf
Independent auditor's report,https://www1.hkexnews.hk/listedco/listconews/gem/2020/0629/2020062901894.pdf
Independent auditor's report,https://www1.hkexnews.hk/listedco/listconews/gem/2020/0629/2020062901867.pdf
Independent auditor’s report,https://www1.hkexnews.hk/listedco/listconews/gem/2020/0629/2020062901859.pdf
Independent auditor’s report,https://www1.hkexnews.hk/listedco/listconews/sehk/2020/0629/2020062901847.pdf
Independent auditor’s report,https://www1.hkexnews.hk/listedco/listconews/gem/2020/0629/2020062901841.pdf
Independent auditor’s report,https://www1.hkexnews.hk/listedco/listconews/gem/2020/0629/2020062901807.pdf
Independent auditor’s report,https://www1.hkexnews.hk/listedco/listconews/gem/2020/0629/2020062901781.pdf
Independent auditors’ report,https://www1.hkexnews.hk/listedco/listconews/gem/2020/0629/2020062901645.pdf
Independent auditor’s report,https://www1.hkexnews.hk/listedco/listconews/gem/2020/0629/2020062901536.pdf
Independent auditor’s report,https://www1.hkexnews.hk/listedco/listconews/gem/2020/0629/2020062901484.pdf
Independent auditor’s report,https://www1.hkexnews.hk/listedco/listconews/gem/2020/0629/2020062901462.pdf
Independent auditor's report,https://www1.hkexnews.hk/listedco/listconews/gem/2020/0629/2020062901423.pdf
Independent auditor’s report,https://www1.hkexnews.hk/listedco/listconews/gem/2020/0629/2020062901393.pdf
Independent auditor’s report,https://www1.hkexnews.hk/listedco/listconews/gem/2020/0629/2020062901274.pdf
Independent auditor’s report,https://www1.hkexnews.hk/listedco/listconews/gem/2020/0629/2020062901252.pdf
Independent auditors’ report,https://www1.hkexnews.hk/listedco/listconews/gem/2020/0629/2020062901250.pdf
Independent auditor’s report,https://www1.hkexnews.hk/listedco/listconews/gem/2020/0629/2020062901174.pdf
Independent auditor's report,https://www1.hkexnews.hk/listedco/listconews/gem/2020/0629/2020062901148.pdf
Independent auditor’s report,https://www1.hkexnews.hk/listedco/listconews/sehk/2020/0629/2020062901064.pdf
Independent auditor’s report,https://www1.hkexnews.hk/listedco/listconews/gem/2020/0629/2020062901014.pdf
Independent auditor’s report,https://www1.hkexnews.hk/listedco/listconews/gem/2020/0629/2020062900980.pdf
Independent auditor’s report,https://www1.hkexnews.hk/listedco/listconews/gem/2020/0629/2020062900950.pdf
Independent auditor’s report,https://www1.hkexnews.hk/listedco/listconews/gem/2020/0629/2020062900914.pdf
Independent auditors' report,https://www1.hkexnews.hk/listedco/listconews/gem/2020/0629/2020062900908.pdf
Independent auditor’s report,https://www1.hkexnews.hk/listedco/listconews/gem/2020/0629/2020062900844.pdf
Independent auditor’s report,https://www1.hkexnews.hk/listedco/listconews/gem/2020/0629/2020062900822.pdf
Independent auditor’s report,https://www1.hkexnews.hk/listedco/listconews/gem/2020/0629/2020062900820.pdf
Independent auditor’s report,https://www1.hkexnews.hk/listedco/listconews/gem/2020/0629/2020062900814.pdf
Independent auditor’s report,https://www1.hkexnews.hk/listedco/listconews/gem/2020/0629/2020062900806.pdf
Independent auditor’s report,https://www1.hkexnews.hk/listedco/listconews/gem/2020/0629/2020062900780.pdf
Independent auditor’s report,https://www1.hkexnews.hk/listedco/listconews/gem/2020/0629/2020062900746.pdf
Independent auditor's report,https://www1.hkexnews.hk/listedco/listconews/gem/2020/0629/2020062900710.pdf
Independent auditors' report,https://www1.hkexnews.hk/listedco/listconews/gem/2020/0629/2020062900688.pdf
Independent auditor’s report,https://www1.hkexnews.hk/listedco/listconews/sehk/2020/0629/2020062900684.pdf
Independent auditor's report,https://www1.hkexnews.hk/listedco/listconews/gem/2020/0629/2020062900678.pdf
Independent auditors' report,https://www1.hkexnews.hk/listedco/listconews/gem/2020/0629/2020062900664.pdf
Independent auditor’s report,https://www1.hkexnews.hk/listedco/listconews/gem/2020/0629/2020062900653.pdf
Independent auditor’s report,https://www1.hkexnews.hk/listedco/listconews/gem/2020/0629/2020062900609.pdf
Independent auditor’s report,https://www1.hkexnews.hk/listedco/listconews/gem/2020/0629/2020062900599.pdf
Independent auditor’s report,https://www1.hkexnews.hk/listedco/listconews/gem/2020/0629/2020062900565.pdf
Independent auditor’s report,https://www1.hkexnews.hk/listedco/listconews/gem/2020/0629/2020062900549.pdf
Independent auditor’s report,https://www1.hkexnews.hk/listedco/listconews/gem/2020/0629/2020062900543.pdf
Independent auditor’s report,https://www1.hkexnews.hk/listedco/listconews/gem/2020/0629/2020062900535.pdf
Independent auditor’s report,https://www1.hkexnews.hk/listedco/listconews/gem/2020/0629/2020062900523.pdf
Independent auditor’s report,https://www1.hkexnews.hk/listedco/listconews/gem/2020/0629/2020062900519.pdf
Independent auditors’ report,https://www1.hkexnews.hk/listedco/listconews/gem/2020/0629/2020062900517.pdf
Independent auditor’s report,https://www1.hkexnews.hk/listedco/listconews/gem/2020/0629/2020062900509.pdf
Independent auditor’s report,https://www1.hkexnews.hk/listedco/listconews/sehk/2020/0629/2020062900483.pdf
Independent auditor’s report,https://www1.hkexnews.hk/listedco/listconews/sehk/2020/0629/2020062900451.pdf
Independent auditor’s report,https://www1.hkexnews.hk/listedco/listconews/gem/2020/0629/2020062900313.pdf
Independent auditor’s report,https://www1.hkexnews.hk/listedco/listconews/gem/2020/0629/2020062900017.pdf
Independent auditor’s report,https://www1.hkexnews.hk/listedco/listconews/sehk/2020/0628/2020062800077.pdf
Independent auditor’s report,https://www1.hkexnews.hk/listedco/listconews/sehk/2020/0628/2020062800025.pdf
Independent auditor’s report,https://www1.hkexnews.hk/listedco/listconews/gem/2020/0626/2020062601775.pdf
Independent auditor’s report,https://www1.hkexnews.hk/listedco/listconews/gem/2020/0626/2020062601658.pdf
Independent auditor’s report,https://www1.hkexnews.hk/listedco/listconews/sehk/2020/0626/2020062601086.pdf
Independent auditor’s report,https://www1.hkexnews.hk/listedco/listconews/gem/2020/0626/2020062600883.pdf
Independent auditor’s report,https://www1.hkexnews.hk/listedco/listconews/gem/2020/0626/2020062600770.pdf
Independent auditor’s report,https://www1.hkexnews.hk/listedco/listconews/sehk/2020/0626/2020062600698.pdf
Independent auditor’s report,https://www1.hkexnews.hk/listedco/listconews/gem/2020/0626/2020062600685.pdf
Independent auditors’ report,https://www1.hkexnews.hk/listedco/listconews/gem/2020/0626/2020062600574.pdf
Independent auditor’s report,https://www1.hkexnews.hk/listedco/listconews/gem/2020/0626/2020062600566.pdf
Independent auditor’s report,https://www1.hkexnews.hk/listedco/listconews/sehk/2020/0626/2020062600527.pdf
Independent auditor’s report,https://www1.hkexnews.hk/listedco/listconews/gem/2020/0626/2020062600525.pdf
Independent auditor’s report,https://www1.hkexnews.hk/listedco/listconews/gem/2020/0626/2020062600475.pdf
Independent auditor's report,https://www1.hkexnews.hk/listedco/listconews/gem/2020/0626/2020062600455.pdf
Independent auditor’s report,https://www1.hkexnews.hk/listedco/listconews/gem/2020/0625/2020062500123.pdf
Independent auditor’s report,https://www1.hkexnews.hk/listedco/listconews/sehk/2020/0624/2020062402188.pdf
Independent auditor's report,https://www1.hkexnews.hk/listedco/listconews/gem/2020/0624/2020062401816.pdf
Independent auditor’s report,https://www1.hkexnews.hk/listedco/listconews/sehk/2020/0624/2020062401602.pdf
Independent auditor’s report,https://www1.hkexnews.hk/listedco/listconews/gem/2020/0624/2020062401494.pdf
Independent auditor’s report,https://www1.hkexnews.hk/listedco/listconews/gem/2020/0624/2020062401112.pdf
Independent auditor’s report,https://www1.hkexnews.hk/listedco/listconews/sehk/2020/0624/2020062401108.pdf
Independent auditor’s report,https://www1.hkexnews.hk/listedco/listconews/sehk/2020/0624/2020062400843.pdf
Independent auditor’s report,https://www1.hkexnews.hk/listedco/listconews/gem/2020/0624/2020062400823.pdf
Independent auditor’s report,https://www1.hkexnews.hk/listedco/listconews/sehk/2020/0623/2020062300818.pdf
Independent auditor’s report,https://www1.hkexnews.hk/listedco/listconews/gem/2020/0623/2020062300792.pdf
Independent auditors’ report,https://www1.hkexnews.hk/listedco/listconews/gem/2020/0623/2020062300023.pdf
Independent auditor’s report,https://www1.hkexnews.hk/listedco/listconews/gem/2020/0623/2020062300005.pdf
Independent auditor’s report,https://www1.hkexnews.hk/listedco/listconews/gem/2020/0622/2020062201230.pdf
Independent auditor’s report,https://www1.hkexnews.hk/listedco/listconews/gem/2020/0622/2020062200385.pdf
Independent auditor’s report,https://www1.hkexnews.hk/listedco/listconews/gem/2020/0622/2020062200371.pdf
Independent auditor’s report,https://www1.hkexnews.hk/listedco/listconews/sehk/2020/0622/2020062200351.pdf
Independent auditor’s report,https://www1.hkexnews.hk/listedco/listconews/sehk/2020/0622/2020062200343.pdf
Independent auditor’s report,https://www1.hkexnews.hk/listedco/listconews/gem/2020/0621/2020062100109.pdf
Independent auditor’s report,https://www1.hkexnews.hk/listedco/listconews/gem/2020/0618/2020061800513.pdf
Independent auditor’s report,https://www1.hkexnews.hk/listedco/listconews/gem/2020/0618/2020061800412.pdf
Independent auditor’s report,https://www1.hkexnews.hk/listedco/listconews/sehk/2020/0618/2020061800366.pdf
Independent auditor’s report,https://www1.hkexnews.hk/listedco/listconews/sehk/2020/0618/2020061800324.pdf
Independent auditor’s report,https://www1.hkexnews.hk/listedco/listconews/sehk/2020/0617/2020061700606.pdf
Independent auditor’s report,https://www1.hkexnews.hk/listedco/listconews/sehk/2020/0617/2020061700566.pdf
Independent auditor’s report,https://www1.hkexnews.hk/listedco/listconews/sehk/2020/0617/2020061700315.pdf
Independent auditors’ report,https://www1.hkexnews.hk/listedco/listconews/sehk/2020/0616/2020061601114.pdf
Independent auditor's report,https://www1.hkexnews.hk/listedco/listconews/sehk/2020/0616/2020061600471.pdf
Independent auditors' report,https://www1.hkexnews.hk/listedco/listconews/sehk/2020/0615/2020061501417.pdf
Independent auditor’s report,https://www1.hkexnews.hk/listedco/listconews/sehk/2020/0611/2020061100380.pdf
Independent auditor’s report,https://www1.hkexnews.hk/listedco/listconews/sehk/2020/0610/2020061000367.pdf
Independent auditor’s report,https://www1.hkexnews.hk/listedco/listconews/sehk/2020/0609/2020060901427.pdf
Auditor’s report,https://www1.hkexnews.hk/listedco/listconews/sehk/2020/0608/2020060800506.pdf
Independent auditors’ report,https://www1.hkexnews.hk/listedco/listconews/sehk/2020/0605/2020060501427.pdf
Independent auditor’s report,https://www1.hkexnews.hk/listedco/listconews/sehk/2020/0605/2020060501335.pdf
Independent auditor’s report,https://www1.hkexnews.hk/listedco/listconews/sehk/2020/0605/2020060500904.pdf
Independent auditor’s report,https://www1.hkexnews.hk/listedco/listconews/sehk/2020/0605/2020060500738.pdf
Independent auditor’s report,https://www1.hkexnews.hk/listedco/listconews/sehk/2020/0605/2020060500706.pdf
Independent auditor’s report,https://www1.hkexnews.hk/listedco/listconews/sehk/2020/0605/2020060500573.pdf
Independent auditors' report,https://www1.hkexnews.hk/listedco/listconews/gem/2020/0605/2020060500007.pdf
Independent auditors’ report,https://www1.hkexnews.hk/listedco/listconews/sehk/2020/0604/2020060400023.pdf
Independent auditor’s report,https://www1.hkexnews.hk/listedco/listconews/sehk/2020/0603/2020060301119.pdf
Independent auditor’s report,https://www1.hkexnews.hk/listedco/listconews/sehk/2020/0602/2020060201162.pdf
Independent auditor’s report,https://www1.hkexnews.hk/listedco/listconews/sehk/2020/0601/2020060102018.pdf
Independent auditor’s report,https://www1.hkexnews.hk/listedco/listconews/sehk/2020/0531/2020053100011.pdf
Independent auditor’s report,https://www1.hkexnews.hk/listedco/listconews/sehk/2020/0531/2020053100009.pdf
Auditor’s report,https://www1.hkexnews.hk/listedco/listconews/gem/2020/0529/2020052902118.pdf
Independent auditor’s report,https://www1.hkexnews.hk/listedco/listconews/sehk/2020/0529/2020052900031.pdf
Independent auditors’ report,https://www1.hkexnews.hk/listedco/listconews/gem/2020/0529/2020052900007.pdf
Independent auditors’ report,https://www1.hkexnews.hk/listedco/listconews/sehk/2020/0528/2020052801319.pdf
Independent auditor’s report,https://www1.hkexnews.hk/listedco/listconews/sehk/2020/0528/2020052801149.pdf
Independent auditors’ report,https://www1.hkexnews.hk/listedco/listconews/sehk/2020/0528/2020052800815.pdf
Independent auditor’s report,https://www1.hkexnews.hk/listedco/listconews/gem/2020/0528/2020052800701.pdf
Independent auditor’s report,https://www1.hkexnews.hk/listedco/listconews/sehk/2020/0528/2020052800670.pdf
Independent auditors’ report,https://www1.hkexnews.hk/listedco/listconews/sehk/2020/0527/2020052700591.pdf
Independent auditor’s report,https://www1.hkexnews.hk/listedco/listconews/sehk/2020/0526/2020052600388.pdf
Independent auditor’s report,https://www1.hkexnews.hk/listedco/listconews/sehk/2020/0525/2020052500400.pdf
Independent auditor’s report,https://www1.hkexnews.hk/listedco/listconews/sehk/2020/0521/2020052100281.pdf
Independent auditor’s report,https://www1.hkexnews.hk/listedco/listconews/sehk/2020/0520/2020052000322.pdf
Independent auditor’s report,https://www1.hkexnews.hk/listedco/listconews/sehk/2020/0517/2020051700107.pdf
Independent auditor’s report,https://www1.hkexnews.hk/listedco/listconews/sehk/2020/0517/2020051700051.pdf
Independent auditor’s report,https://www1.hkexnews.hk/listedco/listconews/gem/2020/0517/2020051700033.pdf
Independent auditor’s report,https://www1.hkexnews.hk/listedco/listconews/sehk/2020/0517/2020051700031.pdf
Independent auditor’s report,https://www1.hkexnews.hk/listedco/listconews/gem/2020/0517/2020051700007.pdf
Independent auditor's report,https://www1.hkexnews.hk/listedco/listconews/sehk/2020/0515/2020051502383.pdf
Independent auditor’s report,https://www1.hkexnews.hk/listedco/listconews/sehk/2020/0515/2020051502373.pdf
Independent auditor’s report,https://www1.hkexnews.hk/listedco/listconews/sehk/2020/0515/2020051502361.pdf
Independent auditors’ report,https://www1.hkexnews.hk/listedco/listconews/sehk/2020/0515/2020051502355.pdf
Independent auditor’s report,https://www1.hkexnews.hk/listedco/listconews/gem/2020/0515/2020051502349.pdf
Independent auditors' report,https://www1.hkexnews.hk/listedco/listconews/gem/2020/0515/2020051502327.pdf
Independent auditor’s report,https://www1.hkexnews.hk/listedco/listconews/sehk/2020/0515/2020051502169.pdf
Independent auditor’s report,https://www1.hkexnews.hk/listedco/listconews/gem/2020/0515/2020051502125.pdf
Independent auditor’s report,https://www1.hkexnews.hk/listedco/listconews/sehk/2020/0515/2020051502121.pdf
Independent auditor’s report,https://www1.hkexnews.hk/listedco/listconews/sehk/2020/0515/2020051502093.pdf
Independent auditor’s report,https://www1.hkexnews.hk/listedco/listconews/sehk/2020/0515/2020051502061.pdf
Independent auditor’s report,https://www1.hkexnews.hk/listedco/listconews/gem/2020/0515/2020051501991.pdf
Independent auditor’s report,https://www1.hkexnews.hk/listedco/listconews/sehk/2020/0515/2020051501931.pdf
Independent auditor’s report,https://www1.hkexnews.hk/listedco/listconews/sehk/2020/0515/2020051501821.pdf
Independent auditor’s report,https://www1.hkexnews.hk/listedco/listconews/sehk/2020/0515/2020051501722.pdf
Independent auditors’ report,https://www1.hkexnews.hk/listedco/listconews/sehk/2020/0515/2020051501570.pdf
Independent auditor’s report,https://www1.hkexnews.hk/listedco/listconews/sehk/2020/0515/2020051501489.pdf
Independent auditor’s report,https://www1.hkexnews.hk/listedco/listconews/sehk/2020/0515/2020051501248.pdf
Independent auditor’s report,https://www1.hkexnews.hk/listedco/listconews/sehk/2020/0515/2020051501177.pdf
Independent auditors' report,https://www1.hkexnews.hk/listedco/listconews/gem/2020/0515/2020051501173.pdf
Independent auditors’ report,https://www1.hkexnews.hk/listedco/listconews/sehk/2020/0515/2020051501169.pdf
Auditor’s report,https://www1.hkexnews.hk/listedco/listconews/sehk/2020/0515/2020051501158.pdf
Independent auditor’s report,https://www1.hkexnews.hk/listedco/listconews/sehk/2020/0515/2020051501122.pdf
Independent auditor’s report,https://www1.hkexnews.hk/listedco/listconews/gem/2020/0515/2020051501101.pdf
Independent auditor’s report,https://www1.hkexnews.hk/listedco/listconews/gem/2020/0515/2020051501052.pdf
Independent auditors' report,https://www1.hkexnews.hk/listedco/listconews/sehk/2020/0515/2020051501023.pdf
Independent auditor’s report,https://www1.hkexnews.hk/listedco/listconews/sehk/2020/0515/2020051500994.pdf
Independent auditor’s report,https://www1.hkexnews.hk/listedco/listconews/sehk/2020/0515/2020051500970.pdf
Independent auditors’ report,https://www1.hkexnews.hk/listedco/listconews/sehk/2020/0515/2020051500936.pdf
Independent auditor’s report,https://www1.hkexnews.hk/listedco/listconews/sehk/2020/0515/2020051500896.pdf
Independent auditor’s report,https://www1.hkexnews.hk/listedco/listconews/sehk/2020/0515/2020051500848.pdf
Independent auditors’ report,https://www1.hkexnews.hk/listedco/listconews/sehk/2020/0515/2020051500798.pdf
Independent auditor’s report,https://www1.hkexnews.hk/listedco/listconews/sehk/2020/0515/2020051500792.pdf
Independent auditor’s report,https://www1.hkexnews.hk/listedco/listconews/sehk/2020/0515/2020051500747.pdf
Independent auditor’s report,https://www1.hkexnews.hk/listedco/listconews/sehk/2020/0515/2020051500709.pdf
Independent auditors’ report,https://www1.hkexnews.hk/listedco/listconews/sehk/2020/0515/2020051500699.pdf
Independent auditor’s report,https://www1.hkexnews.hk/listedco/listconews/sehk/2020/0515/2020051500679.pdf
Independent auditor’s report,https://www1.hkexnews.hk/listedco/listconews/sehk/2020/0515/2020051500659.pdf
Independent auditor's report,https://www1.hkexnews.hk/listedco/listconews/sehk/2020/0515/2020051500651.pdf
Independent auditor’s report,https://www1.hkexnews.hk/listedco/listconews/sehk/2020/0515/2020051500640.pdf
Independent auditor’s report,https://www1.hkexnews.hk/listedco/listconews/sehk/2020/0515/2020051500594.pdf
Independent auditor's report,https://www1.hkexnews.hk/listedco/listconews/sehk/2020/0515/2020051500556.pdf
Independent auditor’s report,https://www1.hkexnews.hk/listedco/listconews/sehk/2020/0515/2020051500554.pdf
Independent auditor’s report,https://www1.hkexnews.hk/listedco/listconews/sehk/2020/0515/2020051500514.pdf
Independent auditor’s report,https://www1.hkexnews.hk/listedco/listconews/sehk/2020/0515/2020051500426.pdf
Independent auditor’s report,https://www1.hkexnews.hk/listedco/listconews/sehk/2020/0515/2020051500416.pdf
Independent auditors’ report,https://www1.hkexnews.hk/listedco/listconews/sehk/2020/0515/2020051500392.pdf
Independent auditor’s report,https://www1.hkexnews.hk/listedco/listconews/sehk/2020/0515/2020051500209.pdf
Independent auditor’s report,https://www1.hkexnews.hk/listedco/listconews/sehk/2020/0515/2020051500179.pdf
Independent auditors’ report,https://www1.hkexnews.hk/listedco/listconews/sehk/2020/0515/2020051500125.pdf
Independent auditor’s report,https://www1.hkexnews.hk/listedco/listconews/sehk/2020/0515/2020051500121.pdf
Independent auditor’s report,https://www1.hkexnews.hk/listedco/listconews/sehk/2020/0515/2020051500117.pdf
Independent auditors’ report,https://www1.hkexnews.hk/listedco/listconews/sehk/2020/0515/2020051500099.pdf
Independent auditor’s report,https://www1.hkexnews.hk/listedco/listconews/sehk/2020/0515/2020051500097.pdf
Independent auditor’s report,https://www1.hkexnews.hk/listedco/listconews/sehk/2020/0515/2020051500091.pdf
Independent auditor’s report,https://www1.hkexnews.hk/listedco/listconews/sehk/2020/0515/2020051500089.pdf
Independent auditor's report,https://www1.hkexnews.hk/listedco/listconews/sehk/2020/0515/2020051500057.pdf
Independent auditor’s report,https://www1.hkexnews.hk/listedco/listconews/sehk/2020/0515/2020051500051.pdf
Independent auditor's report,https://www1.hkexnews.hk/listedco/listconews/sehk/2020/0515/2020051500021.pdf
Independent auditor's report,https://www1.hkexnews.hk/listedco/listconews/sehk/2020/0515/2020051500019.pdf
Independent auditor's report,https://www1.hkexnews.hk/listedco/listconews/sehk/2020/0515/2020051500017.pdf
Independent auditor’s report,https://www1.hkexnews.hk/listedco/listconews/sehk/2020/0515/2020051500007.pdf
Independent auditor’s report,https://www1.hkexnews.hk/listedco/listconews/gem/2020/0514/2020051402247.pdf
Auditor’s report,https://www1.hkexnews.hk/listedco/listconews/sehk/2020/0514/2020051402189.pdf
Independent auditor’s report,https://www1.hkexnews.hk/listedco/listconews/sehk/2020/0514/2020051402099.pdf
Independent auditors’ report,https://www1.hkexnews.hk/listedco/listconews/gem/2020/0514/2020051401883.pdf
Independent auditor’s report,https://www1.hkexnews.hk/listedco/listconews/sehk/2020/0514/2020051401773.pdf
Independent auditor’s report,https://www1.hkexnews.hk/listedco/listconews/sehk/2020/0514/2020051401739.pdf
Independent auditor's report,https://www1.hkexnews.hk/listedco/listconews/sehk/2020/0514/2020051401727.pdf
Independent auditor’s report,https://www1.hkexnews.hk/listedco/listconews/sehk/2020/0514/2020051401725.pdf
Independent auditor’s report,https://www1.hkexnews.hk/listedco/listconews/sehk/2020/0514/2020051401657.pdf
Independent auditor’s report,https://www1.hkexnews.hk/listedco/listconews/gem/2020/0514/2020051401651.pdf
Independent auditors’ report,https://www1.hkexnews.hk/listedco/listconews/sehk/2020/0514/2020051401631.pdf
Independent auditors’ report,https://www1.hkexnews.hk/listedco/listconews/sehk/2020/0514/2020051401617.pdf
Independent auditor’s report,https://www1.hkexnews.hk/listedco/listconews/sehk/2020/0514/2020051401535.pdf
Independent auditor’s report,https://www1.hkexnews.hk/listedco/listconews/sehk/2020/0514/2020051401481.pdf
Independent auditor’s report,https://www1.hkexnews.hk/listedco/listconews/gem/2020/0514/2020051401468.pdf
Independent auditor’s report,https://www1.hkexnews.hk/listedco/listconews/sehk/2020/0514/2020051401367.pdf
Independent auditor’s report,https://www1.hkexnews.hk/listedco/listconews/sehk/2020/0514/2020051401328.pdf
Independent auditor's report,https://www1.hkexnews.hk/listedco/listconews/sehk/2020/0514/2020051401324.pdf
Independent auditor’s report,https://www1.hkexnews.hk/listedco/listconews/sehk/2020/0514/2020051401302.pdf
Independent auditor’s report,https://www1.hkexnews.hk/listedco/listconews/sehk/2020/0514/2020051401228.pdf
Independent auditor’s report to the shareholders of the company,https://www1.hkexnews.hk/listedco/listconews/sehk/2020/0514/2020051401186.pdf
Independent auditor’s report,https://www1.hkexnews.hk/listedco/listconews/sehk/2020/0514/2020051401150.pdf
Independent auditor’s report,https://www1.hkexnews.hk/listedco/listconews/sehk/2020/0514/2020051401136.pdf
Independent auditor’s report,https://www1.hkexnews.hk/listedco/listconews/sehk/2020/0514/2020051401134.pdf
Independent auditor’s report,https://www1.hkexnews.hk/listedco/listconews/gem/2020/0514/2020051401081.pdf
Independent auditor’s report,https://www1.hkexnews.hk/listedco/listconews/sehk/2020/0514/2020051401074.pdf
Independent auditor’s report,https://www1.hkexnews.hk/listedco/listconews/sehk/2020/0514/2020051401045.pdf
Independent auditor’s report,https://www1.hkexnews.hk/listedco/listconews/sehk/2020/0514/2020051400958.pdf
Independent auditor’s report,https://www1.hkexnews.hk/listedco/listconews/sehk/2020/0514/2020051400946.pdf
Independent auditor’s report,https://www1.hkexnews.hk/listedco/listconews/sehk/2020/0514/2020051400904.pdf
Independent auditor’s report,https://www1.hkexnews.hk/listedco/listconews/sehk/2020/0514/2020051400876.pdf
Auditors’ report,https://www1.hkexnews.hk/listedco/listconews/sehk/2020/0514/2020051400814.pdf
Independent auditor’s report,https://www1.hkexnews.hk/listedco/listconews/sehk/2020/0514/2020051400802.pdf
Independent auditor’s report,https://www1.hkexnews.hk/listedco/listconews/sehk/2020/0514/2020051400789.pdf
Independent auditors’ report,https://www1.hkexnews.hk/listedco/listconews/sehk/2020/0514/2020051400787.pdf
Independent auditors’ report,https://www1.hkexnews.hk/listedco/listconews/gem/2020/0514/2020051400719.pdf
Independent auditors’ report,https://www1.hkexnews.hk/listedco/listconews/sehk/2020/0514/2020051400715.pdf
Independent auditor’s report,https://www1.hkexnews.hk/listedco/listconews/sehk/2020/0514/2020051400699.pdf
Independent auditor’s report,https://www1.hkexnews.hk/listedco/listconews/sehk/2020/0514/2020051400671.pdf
Independent auditor’s report,https://www1.hkexnews.hk/listedco/listconews/sehk/2020/0514/2020051400663.pdf
Independent auditor’s report,https://www1.hkexnews.hk/listedco/listconews/sehk/2020/0514/2020051400617.pdf
Independent auditor’s report,https://www1.hkexnews.hk/listedco/listconews/gem/2020/0514/2020051400615.pdf
Independent auditors’ report,https://www1.hkexnews.hk/listedco/listconews/gem/2020/0514/2020051400607.pdf
Independent auditor’s report,https://www1.hkexnews.hk/listedco/listconews/sehk/2020/0514/2020051400599.pdf
Independent auditor’s report,https://www1.hkexnews.hk/listedco/listconews/sehk/2020/0514/2020051400589.pdf
Independent auditor’s report,https://www1.hkexnews.hk/listedco/listconews/sehk/2020/0514/2020051400587.pdf
Independent auditor’s report,https://www1.hkexnews.hk/listedco/listconews/gem/2020/0514/2020051400575.pdf
Independent auditor’s report,https://www1.hkexnews.hk/listedco/listconews/sehk/2020/0514/2020051400573.pdf
Independent auditor’s report,https://www1.hkexnews.hk/listedco/listconews/sehk/2020/0514/2020051400543.pdf
Independent auditor’s report,https://www1.hkexnews.hk/listedco/listconews/sehk/2020/0514/2020051400515.pdf
Independent auditor’s report,https://www1.hkexnews.hk/listedco/listconews/sehk/2020/0514/2020051400509.pdf
Independent auditor’s report,https://www1.hkexnews.hk/listedco/listconews/sehk/2020/0514/2020051400493.pdf
Independent auditor’s report,https://www1.hkexnews.hk/listedco/listconews/sehk/2020/0514/2020051400491.pdf
Independent auditor’s report,https://www1.hkexnews.hk/listedco/listconews/sehk/2020/0514/2020051400487.pdf
Independent auditor’s report,https://www1.hkexnews.hk/listedco/listconews/sehk/2020/0514/2020051400485.pdf
Independent auditor’s report,https://www1.hkexnews.hk/listedco/listconews/gem/2020/0514/2020051400479.pdf
Independent auditor’s report,https://www1.hkexnews.hk/listedco/listconews/sehk/2020/0514/2020051400465.pdf
Independent auditor’s report,https://www1.hkexnews.hk/listedco/listconews/sehk/2020/0514/2020051400457.pdf
Independent auditors’ report,https://www1.hkexnews.hk/listedco/listconews/sehk/2020/0514/2020051400453.pdf
Independent auditor’s report,https://www1.hkexnews.hk/listedco/listconews/sehk/2020/0514/2020051400407.pdf
Independent auditor’s report,https://www1.hkexnews.hk/listedco/listconews/sehk/2020/0514/2020051400352.pdf
Independent auditor’s report,https://www1.hkexnews.hk/listedco/listconews/sehk/2020/0514/2020051400270.pdf
Independent auditors’ report,https://www1.hkexnews.hk/listedco/listconews/sehk/2020/0514/2020051400111.pdf
Independent auditor’s report,https://www1.hkexnews.hk/listedco/listconews/sehk/2020/0514/2020051400017.pdf
Independent auditor’s report,https://www1.hkexnews.hk/listedco/listconews/gem/2020/0514/2020051400005.pdf
Independent auditor’s report,https://www1.hkexnews.hk/listedco/listconews/sehk/2020/0513/2020051301133.pdf
Independent auditor’s report,https://www1.hkexnews.hk/listedco/listconews/sehk/2020/0513/2020051300889.pdf
Independent auditor’s report,https://www1.hkexnews.hk/listedco/listconews/sehk/2020/0513/2020051300580.pdf
Independent auditor’s report,https://www1.hkexnews.hk/listedco/listconews/sehk/2020/0513/2020051300527.pdf
Independent auditor’s report,https://www1.hkexnews.hk/listedco/listconews/sehk/2020/0513/2020051300463.pdf
Independent auditors’ report,https://www1.hkexnews.hk/listedco/listconews/sehk/2020/0513/2020051300461.pdf
Independent auditor’s report,https://www1.hkexnews.hk/listedco/listconews/sehk/2020/0513/2020051300377.pdf
Independent auditor’s report,https://www1.hkexnews.hk/listedco/listconews/sehk/2020/0513/2020051300361.pdf
Independent auditor’s report,https://www1.hkexnews.hk/listedco/listconews/sehk/2020/0513/2020051300339.pdf
Independent auditor’s report,https://www1.hkexnews.hk/listedco/listconews/sehk/2020/0513/2020051300297.pdf
Independent auditor’s report,https://www1.hkexnews.hk/listedco/listconews/sehk/2020/0513/2020051300287.pdf
Independent auditor’s report,https://www1.hkexnews.hk/listedco/listconews/sehk/2020/0513/2020051300203.pdf
Independent auditor’s report,https://www1.hkexnews.hk/listedco/listconews/gem/2020/0512/2020051201247.pdf
Independent auditor’s report,https://www1.hkexnews.hk/listedco/listconews/gem/2020/0512/2020051201047.pdf
Independent auditor’s report,https://www1.hkexnews.hk/listedco/listconews/sehk/2020/0512/2020051200906.pdf
Independent auditor’s report,https://www1.hkexnews.hk/listedco/listconews/sehk/2020/0512/2020051200589.pdf
Independent auditor’s report,https://www1.hkexnews.hk/listedco/listconews/sehk/2020/0512/2020051200582.pdf
Independent auditor’s report,https://www1.hkexnews.hk/listedco/listconews/sehk/2020/0512/2020051200558.pdf
Independent auditor’s report,https://www1.hkexnews.hk/listedco/listconews/sehk/2020/0512/2020051200517.pdf
Independent auditor’s report,https://www1.hkexnews.hk/listedco/listconews/sehk/2020/0512/2020051200405.pdf
Independent auditor’s report,https://www1.hkexnews.hk/listedco/listconews/sehk/2020/0512/2020051200389.pdf
Independent auditor’s report,https://www1.hkexnews.hk/listedco/listconews/sehk/2020/0512/2020051200021.pdf
Independent auditors’ report,https://www1.hkexnews.hk/listedco/listconews/sehk/2020/0511/2020051101378.pdf
Independent auditor’s report,https://www1.hkexnews.hk/listedco/listconews/sehk/2020/0511/2020051101287.pdf
Independent auditor’s report,https://www1.hkexnews.hk/listedco/listconews/sehk/2020/0511/2020051101062.pdf
Independent auditor’s report,https://www1.hkexnews.hk/listedco/listconews/sehk/2020/0511/2020051100916.pdf
Independent auditor’s report,https://www1.hkexnews.hk/listedco/listconews/sehk/2020/0511/2020051100568.pdf
Independent auditor’s report,https://www1.hkexnews.hk/listedco/listconews/sehk/2020/0511/2020051100401.pdf
Independent auditors’ report,https://www1.hkexnews.hk/listedco/listconews/gem/2020/0508/2020050801596.pdf
Independent auditors’ report,https://www1.hkexnews.hk/listedco/listconews/gem/2020/0508/2020050801149.pdf
Independent auditor’s report,https://www1.hkexnews.hk/listedco/listconews/gem/2020/0508/2020050801019.pdf
Independent auditor’s report,https://www1.hkexnews.hk/listedco/listconews/sehk/2020/0508/2020050800821.pdf
Independent auditor’s report,https://www1.hkexnews.hk/listedco/listconews/sehk/2020/0508/2020050800694.pdf
Independent auditor’s report,https://www1.hkexnews.hk/listedco/listconews/sehk/2020/0508/2020050800529.pdf
Independent auditor’s report,https://www1.hkexnews.hk/listedco/listconews/sehk/2020/0508/2020050800465.pdf
Independent auditors’ report,https://www1.hkexnews.hk/listedco/listconews/sehk/2020/0508/2020050800331.pdf
Independent auditor’s report,https://www1.hkexnews.hk/listedco/listconews/gem/2020/0507/2020050701303.pdf
Independent auditor’s report,https://www1.hkexnews.hk/listedco/listconews/gem/2020/0507/2020050700663.pdf
Independent auditor’s report,https://www1.hkexnews.hk/listedco/listconews/gem/2020/0506/2020050601870.pdf
Independent auditor’s report,https://www1.hkexnews.hk/listedco/listconews/sehk/2020/0506/2020050601502.pdf
Independent auditor’s report,https://www1.hkexnews.hk/listedco/listconews/sehk/2020/0506/2020050601109.pdf
Independent auditors’ report,https://www1.hkexnews.hk/listedco/listconews/sehk/2020/0506/2020050600886.pdf
Independent auditor's report,https://www1.hkexnews.hk/listedco/listconews/sehk/2020/0506/2020050600357.pdf
Independent auditor’s report,https://www1.hkexnews.hk/listedco/listconews/sehk/2020/0505/2020050501606.pdf
Independent auditor’s report to the shareholders of meigu technology holding group limited,https://www1.hkexnews.hk/listedco/listconews/gem/2020/0505/2020050501554.pdf
Independent auditor’s report,https://www1.hkexnews.hk/listedco/listconews/sehk/2020/0505/2020050501031.pdf
Independent auditor's report,https://www1.hkexnews.hk/listedco/listconews/gem/2020/0505/2020050501019.pdf
Independent auditor’s report,https://www1.hkexnews.hk/listedco/listconews/sehk/2020/0505/2020050500961.pdf
Independent auditor’s report,https://www1.hkexnews.hk/listedco/listconews/sehk/2020/0504/2020050402200.pdf
Independent auditor’s report,https://www1.hkexnews.hk/listedco/listconews/sehk/2020/0504/2020050401948.pdf
Auditor’s report,https://www1.hkexnews.hk/listedco/listconews/sehk/2020/0503/2020050300073.pdf
Independent auditors’ report,https://www1.hkexnews.hk/listedco/listconews/gem/2020/0503/2020050300043.pdf
Auditor’s report,https://www1.hkexnews.hk/listedco/listconews/sehk/2020/0429/2020042903925.pdf
Independent auditor’s report,https://www1.hkexnews.hk/listedco/listconews/sehk/2020/0429/2020042903535.pdf
Auditors’ report,https://www1.hkexnews.hk/listedco/listconews/sehk/2020/0429/2020042903533.pdf
Independent auditor’s report,https://www1.hkexnews.hk/listedco/listconews/sehk/2020/0429/2020042903439.pdf
Independent auditor’s report,https://www1.hkexnews.hk/listedco/listconews/gem/2020/0429/2020042903403.pdf
Independent auditor’s report,https://www1.hkexnews.hk/listedco/listconews/sehk/2020/0429/2020042903255.pdf
Auditor’s report,https://www1.hkexnews.hk/listedco/listconews/sehk/2020/0429/2020042903253.pdf
Independent auditor’s report,https://www1.hkexnews.hk/listedco/listconews/sehk/2020/0429/2020042903003.pdf
Independent auditor’s report,https://www1.hkexnews.hk/listedco/listconews/sehk/2020/0429/2020042902995.pdf
Independent auditor’s report﻿,https://www1.hkexnews.hk/listedco/listconews/sehk/2020/0429/2020042902844.pdf
Independent auditor’s report,https://www1.hkexnews.hk/listedco/listconews/sehk/2020/0429/2020042902796.pdf
Independent auditor’s report,https://www1.hkexnews.hk/listedco/listconews/sehk/2020/0429/2020042902726.pdf
Independent auditor’s report to the unitholders of cicc kraneshares csi china internet index etf,https://www1.hkexnews.hk/listedco/listconews/sehk/2020/0429/2020042902583.pdf
Independent auditor’s report to the unitholders of cicc kraneshares csi china internet index etf (continued),https://www1.hkexnews.hk/listedco/listconews/sehk/2020/0429/2020042902583.pdf
Independent auditor’s report,https://www1.hkexnews.hk/listedco/listconews/sehk/2020/0429/2020042902537.pdf
Independent auditor’s report,https://www1.hkexnews.hk/listedco/listconews/gem/2020/0429/2020042902424.pdf
Independent auditor’s report,https://www1.hkexnews.hk/listedco/listconews/sehk/2020/0429/2020042902406.pdf
Independent auditor’s report,https://www1.hkexnews.hk/listedco/listconews/sehk/2020/0429/2020042902222.pdf
Independent auditor’s report,https://www1.hkexnews.hk/listedco/listconews/sehk/2020/0429/2020042902180.pdf
Independent auditor’s report,https://www1.hkexnews.hk/listedco/listconews/sehk/2020/0429/2020042902140.pdf
Independent auditor’s report,https://www1.hkexnews.hk/listedco/listconews/sehk/2020/0429/2020042902046.pdf
Independent auditor’s report,https://www1.hkexnews.hk/listedco/listconews/sehk/2020/0429/2020042901503.pdf
Independent auditors report ,https://www1.hkexnews.hk/listedco/listconews/sehk/2020/0429/2020042901978.pdf
Independent auditor’s report,https://www1.hkexnews.hk/listedco/listconews/sehk/2020/0429/2020042901897.pdf
Independent auditor’s report,https://www1.hkexnews.hk/listedco/listconews/sehk/2020/0429/2020042901834.pdf
Independent auditor’s report,https://www1.hkexnews.hk/listedco/listconews/sehk/2020/0429/2020042901745.pdf
Independent auditor’s report,https://www1.hkexnews.hk/listedco/listconews/sehk/2020/0429/2020042901645.pdf
Independent auditor’s report,https://www1.hkexnews.hk/listedco/listconews/sehk/2020/0429/2020042901503.pdf
Independent auditor’s report,https://www1.hkexnews.hk/listedco/listconews/sehk/2020/0429/2020042901483.pdf
Independent auditors report,https://www1.hkexnews.hk/listedco/listconews/sehk/2020/0429/2020042901417.pdf
Independent auditors report,https://www1.hkexnews.hk/listedco/listconews/sehk/2020/0429/2020042901397.pdf
Audit report and financial statements,https://www1.hkexnews.hk/listedco/listconews/sehk/2020/0429/2020042901373.pdf
Independent auditor’s report,https://www1.hkexnews.hk/listedco/listconews/sehk/2020/0429/2020042901373.pdf
Independent auditor’s report,https://www1.hkexnews.hk/listedco/listconews/sehk/2020/0429/2020042901303.pdf
Auditor’s report,https://www1.hkexnews.hk/listedco/listconews/sehk/2020/0429/2020042901239.pdf
Independent auditor’s report,https://www1.hkexnews.hk/listedco/listconews/sehk/2020/0429/2020042901233.pdf
Independent auditor’s report,https://www1.hkexnews.hk/listedco/listconews/sehk/2020/0429/2020042901225.pdf
Independent auditor’s report,https://www1.hkexnews.hk/listedco/listconews/sehk/2020/0429/2020042901223.pdf
Independent auditors report,https://www1.hkexnews.hk/listedco/listconews/sehk/2020/0429/2020042901181.pdf
Independent auditor’s report,https://www1.hkexnews.hk/listedco/listconews/sehk/2020/0429/2020042901105.pdf
Independent auditors report on consolidated financial statements,https://www1.hkexnews.hk/listedco/listconews/sehk/2020/0429/2020042901081.pdf
Independent auditor’s report,https://www1.hkexnews.hk/listedco/listconews/sehk/2020/0429/2020042901079.pdf
Independent auditor’s report,https://www1.hkexnews.hk/listedco/listconews/sehk/2020/0429/2020042901061.pdf
Independent auditor’s report,https://www1.hkexnews.hk/listedco/listconews/sehk/2020/0429/2020042901047.pdf
Independent auditor’s report,https://www1.hkexnews.hk/listedco/listconews/sehk/2020/0429/2020042900981.pdf
Independent auditor's report,https://www1.hkexnews.hk/listedco/listconews/sehk/2020/0429/2020042900961.pdf
Independent auditor’s report,https://www1.hkexnews.hk/listedco/listconews/sehk/2020/0429/2020042900943.pdf
Independent auditor’s report,https://www1.hkexnews.hk/listedco/listconews/sehk/2020/0429/2020042900939.pdf
Independent auditor’s report,https://www1.hkexnews.hk/listedco/listconews/sehk/2020/0429/2020042900935.pdf
Independent auditor's report,https://www1.hkexnews.hk/listedco/listconews/sehk/2020/0429/2020042900912.pdf
Independent auditor’s report,https://www1.hkexnews.hk/listedco/listconews/sehk/2020/0429/2020042900906.pdf
Independent auditor’s report,https://www1.hkexnews.hk/listedco/listconews/sehk/2020/0429/2020042900894.pdf
Independent auditor’s report,https://www1.hkexnews.hk/listedco/listconews/sehk/2020/0429/2020042900870.pdf
Independent auditor’s report,https://www1.hkexnews.hk/listedco/listconews/sehk/2020/0429/2020042900868.pdf
Independent auditor’s report,https://www1.hkexnews.hk/listedco/listconews/sehk/2020/0429/2020042900856.pdf
Independent auditor’s report,https://www1.hkexnews.hk/listedco/listconews/sehk/2020/0429/2020042900844.pdf
Independent auditors' report,https://www1.hkexnews.hk/listedco/listconews/sehk/2020/0429/2020042900830.pdf
Independent auditor's report,https://www1.hkexnews.hk/listedco/listconews/sehk/2020/0429/2020042900826.pdf
Auditor’s report,https://www1.hkexnews.hk/listedco/listconews/sehk/2020/0429/2020042900804.pdf
Independent auditor’s report,https://www1.hkexnews.hk/listedco/listconews/sehk/2020/0429/2020042900802.pdf
Independent auditor's report,https://www1.hkexnews.hk/listedco/listconews/sehk/2020/0429/2020042900736.pdf
Independent auditor’s report,https://www1.hkexnews.hk/listedco/listconews/sehk/2020/0429/2020042900722.pdf
Independent auditor’s report,https://www1.hkexnews.hk/listedco/listconews/sehk/2020/0429/2020042900645.pdf
Independent auditor’s report,https://www1.hkexnews.hk/listedco/listconews/sehk/2020/0429/2020042900627.pdf
Independent auditor’s report,https://www1.hkexnews.hk/listedco/listconews/sehk/2020/0429/2020042900613.pdf
Independent auditor’s report,https://www1.hkexnews.hk/listedco/listconews/sehk/2020/0429/2020042900599.pdf
Independent auditor’s report,https://www1.hkexnews.hk/listedco/listconews/sehk/2020/0429/2020042900565.pdf
Independent auditor’s report,https://www1.hkexnews.hk/listedco/listconews/sehk/2020/0429/2020042900551.pdf
Independent auditor’s report,https://www1.hkexnews.hk/listedco/listconews/sehk/2020/0429/2020042900547.pdf
Independent auditor’s report,https://www1.hkexnews.hk/listedco/listconews/sehk/2020/0429/2020042900539.pdf
Independent auditor’s report,https://www1.hkexnews.hk/listedco/listconews/sehk/2020/0429/2020042900525.pdf
Independent auditor’s report,https://www1.hkexnews.hk/listedco/listconews/sehk/2020/0429/2020042900507.pdf
Independent auditor’s report,https://www1.hkexnews.hk/listedco/listconews/sehk/2020/0429/2020042900505.pdf
Independent auditor’s report,https://www1.hkexnews.hk/listedco/listconews/sehk/2020/0429/2020042900423.pdf
Independent auditor’s report,https://www1.hkexnews.hk/listedco/listconews/sehk/2020/0429/2020042900338.pdf
Independent auditor’s report,https://www1.hkexnews.hk/listedco/listconews/sehk/2020/0429/2020042900235.pdf
Independent auditor's report,https://www1.hkexnews.hk/listedco/listconews/sehk/2020/0429/2020042900229.pdf
Independent auditor’s report,https://www1.hkexnews.hk/listedco/listconews/sehk/2020/0429/2020042900227.pdf
Independent auditor’s report,https://www1.hkexnews.hk/listedco/listconews/sehk/2020/0429/2020042900177.pdf
Independent auditor’s report,https://www1.hkexnews.hk/listedco/listconews/sehk/2020/0429/2020042900171.pdf
Independent auditor’s report,https://www1.hkexnews.hk/listedco/listconews/sehk/2020/0429/2020042900133.pdf
Independent auditor's report,https://www1.hkexnews.hk/listedco/listconews/sehk/2020/0429/2020042900129.pdf
Independent auditor’s report,https://www1.hkexnews.hk/listedco/listconews/sehk/2020/0429/2020042900127.pdf
Independent auditor’s report,https://www1.hkexnews.hk/listedco/listconews/sehk/2020/0429/2020042900119.pdf
Independent auditor’s report,https://www1.hkexnews.hk/listedco/listconews/sehk/2020/0429/2020042900091.pdf
Independent auditor’s report,https://www1.hkexnews.hk/listedco/listconews/sehk/2020/0429/2020042900081.pdf
Independent auditor’s report,https://www1.hkexnews.hk/listedco/listconews/sehk/2020/0429/2020042900079.pdf
Independent auditor’s report,https://www1.hkexnews.hk/listedco/listconews/sehk/2020/0429/2020042900037.pdf
Independent auditor’s report,https://www1.hkexnews.hk/listedco/listconews/sehk/2020/0429/2020042900027.pdf
Independent auditor’s report,https://www1.hkexnews.hk/listedco/listconews/sehk/2020/0429/2020042900023.pdf
Independent auditor’s report,https://www1.hkexnews.hk/listedco/listconews/sehk/2020/0429/2020042900011.pdf
Independent auditor’s report,https://www1.hkexnews.hk/listedco/listconews/sehk/2020/0429/2020042900005.pdf
Independent auditor's report,https://www1.hkexnews.hk/listedco/listconews/gem/2020/0429/2020042900001.pdf
Independent auditor’s report,https://www1.hkexnews.hk/listedco/listconews/sehk/2020/0428/2020042803628.pdf
Independent auditor’s report,https://www1.hkexnews.hk/listedco/listconews/sehk/2020/0428/2020042803580.pdf
Independent auditor’s report,https://www1.hkexnews.hk/listedco/listconews/sehk/2020/0428/2020042803520.pdf
Independent auditor’s report,https://www1.hkexnews.hk/listedco/listconews/sehk/2020/0428/2020042803510.pdf
Auditor’s report,https://www1.hkexnews.hk/listedco/listconews/sehk/2020/0428/2020042803502.pdf
Independent auditor’s report,https://www1.hkexnews.hk/listedco/listconews/sehk/2020/0428/2020042803412.pdf
Independent auditor’s report,https://www1.hkexnews.hk/listedco/listconews/sehk/2020/0428/2020042803356.pdf
Independent auditor’s report,https://www1.hkexnews.hk/listedco/listconews/sehk/2020/0428/2020042803330.pdf
Independent auditor’s report,https://www1.hkexnews.hk/listedco/listconews/sehk/2020/0428/2020042803312.pdf
Independent auditor’s report,https://www1.hkexnews.hk/listedco/listconews/sehk/2020/0428/2020042803207.pdf
Independent auditor’s report,https://www1.hkexnews.hk/listedco/listconews/sehk/2020/0428/2020042803203.pdf
Independent auditor’s report,https://www1.hkexnews.hk/listedco/listconews/sehk/2020/0428/2020042803199.pdf
Independent auditor's report,https://www1.hkexnews.hk/listedco/listconews/sehk/2020/0428/2020042803175.pdf
Independent auditors' report,https://www1.hkexnews.hk/listedco/listconews/sehk/2020/0428/2020042803157.pdf
Independent auditor’s report,https://www1.hkexnews.hk/listedco/listconews/sehk/2020/0428/2020042803083.pdf
Independent auditors report,https://www1.hkexnews.hk/listedco/listconews/sehk/2020/0428/2020042803071.pdf
Independent auditor’s report,https://www1.hkexnews.hk/listedco/listconews/sehk/2020/0428/2020042803067.pdf
Independent auditor’s report,https://www1.hkexnews.hk/listedco/listconews/sehk/2020/0428/2020042802943.pdf
Independent auditor’s report,https://www1.hkexnews.hk/listedco/listconews/sehk/2020/0428/2020042802933.pdf
Independent auditor’s report,https://www1.hkexnews.hk/listedco/listconews/sehk/2020/0428/2020042802917.pdf
Independent auditor’s report,https://www1.hkexnews.hk/listedco/listconews/sehk/2020/0428/2020042802887.pdf
Independent auditor’s report,https://www1.hkexnews.hk/listedco/listconews/gem/2020/0428/2020042802870.pdf
Independent auditor’s report,https://www1.hkexnews.hk/listedco/listconews/sehk/2020/0428/2020042802830.pdf
Independent auditor’s report,https://www1.hkexnews.hk/listedco/listconews/sehk/2020/0428/2020042802765.pdf
Independent auditor’s report,https://www1.hkexnews.hk/listedco/listconews/sehk/2020/0428/2020042802729.pdf
Independent auditor’s report,https://www1.hkexnews.hk/listedco/listconews/sehk/2020/0428/2020042802713.pdf
Independent auditor’s report,https://www1.hkexnews.hk/listedco/listconews/sehk/2020/0428/2020042802693.pdf
Independent auditor’s report,https://www1.hkexnews.hk/listedco/listconews/sehk/2020/0428/2020042802679.pdf
Independent auditor’s report,https://www1.hkexnews.hk/listedco/listconews/sehk/2020/0428/2020042802673.pdf
Independent auditor’s report,https://www1.hkexnews.hk/listedco/listconews/sehk/2020/0428/2020042802669.pdf
Independent auditor’s report,https://www1.hkexnews.hk/listedco/listconews/sehk/2020/0428/2020042802636.pdf
Independent auditor's report,https://www1.hkexnews.hk/listedco/listconews/sehk/2020/0428/2020042802616.pdf
Independent auditor's report,https://www1.hkexnews.hk/listedco/listconews/sehk/2020/0428/2020042802610.pdf
Independent auditors’ report,https://www1.hkexnews.hk/listedco/listconews/sehk/2020/0428/2020042802584.pdf
Independent auditor’s report,https://www1.hkexnews.hk/listedco/listconews/sehk/2020/0428/2020042802570.pdf
Independent auditor’s report,https://www1.hkexnews.hk/listedco/listconews/sehk/2020/0428/2020042802542.pdf
Independent auditor’s report,https://www1.hkexnews.hk/listedco/listconews/sehk/2020/0428/2020042802520.pdf
Independent auditor's report,https://www1.hkexnews.hk/listedco/listconews/sehk/2020/0428/2020042802512.pdf
Independent auditors’ report,https://www1.hkexnews.hk/listedco/listconews/sehk/2020/0428/2020042802466.pdf
Independent auditor’s report,https://www1.hkexnews.hk/listedco/listconews/sehk/2020/0428/2020042802416.pdf
Independent auditor’s report,https://www1.hkexnews.hk/listedco/listconews/sehk/2020/0428/2020042802410.pdf
Independent auditor’s report,https://www1.hkexnews.hk/listedco/listconews/sehk/2020/0428/2020042802408.pdf
Independent auditor’s report,https://www1.hkexnews.hk/listedco/listconews/sehk/2020/0428/2020042802398.pdf
Independent auditor’s report,https://www1.hkexnews.hk/listedco/listconews/sehk/2020/0428/2020042802384.pdf
Independent auditor’s report,https://www1.hkexnews.hk/listedco/listconews/sehk/2020/0428/2020042802328.pdf
Independent auditor’s report,https://www1.hkexnews.hk/listedco/listconews/sehk/2020/0428/2020042802314.pdf
Independent auditor’s report,https://www1.hkexnews.hk/listedco/listconews/sehk/2020/0428/2020042802276.pdf
Independent auditor’s report,https://www1.hkexnews.hk/listedco/listconews/sehk/2020/0428/2020042802272.pdf
Independent auditor’s report,https://www1.hkexnews.hk/listedco/listconews/sehk/2020/0428/2020042802260.pdf
Independent auditor’s report,https://www1.hkexnews.hk/listedco/listconews/sehk/2020/0428/2020042802256.pdf
Independent auditor’s report,https://www1.hkexnews.hk/listedco/listconews/sehk/2020/0428/2020042802254.pdf
Independent auditor’s report,https://www1.hkexnews.hk/listedco/listconews/sehk/2020/0428/2020042802230.pdf
Independent auditors report,https://www1.hkexnews.hk/listedco/listconews/sehk/2020/0428/2020042802222.pdf
Independent auditor’s report,https://www1.hkexnews.hk/listedco/listconews/sehk/2020/0428/2020042802146.pdf
Independent auditor’s report,https://www1.hkexnews.hk/listedco/listconews/sehk/2020/0428/2020042802142.pdf
Independent auditor’s report,https://www1.hkexnews.hk/listedco/listconews/sehk/2020/0428/2020042802122.pdf
Independent auditor’s report,https://www1.hkexnews.hk/listedco/listconews/sehk/2020/0428/2020042802100.pdf
Independent auditor’s report,https://www1.hkexnews.hk/listedco/listconews/sehk/2020/0428/2020042802090.pdf
Independent auditor’s report,https://www1.hkexnews.hk/listedco/listconews/sehk/2020/0428/2020042802080.pdf
Independent auditor’s report,https://www1.hkexnews.hk/listedco/listconews/sehk/2020/0428/2020042802058.pdf
Independent auditor’s report,https://www1.hkexnews.hk/listedco/listconews/sehk/2020/0428/2020042802039.pdf
Independent auditor’s report,https://www1.hkexnews.hk/listedco/listconews/sehk/2020/0428/2020042801997.pdf
Independent auditor's report,https://www1.hkexnews.hk/listedco/listconews/sehk/2020/0428/2020042801971.pdf
Independent auditor’s report,https://www1.hkexnews.hk/listedco/listconews/sehk/2020/0428/2020042801955.pdf
Independent auditors’ report,https://www1.hkexnews.hk/listedco/listconews/sehk/2020/0428/2020042801928.pdf
Independent auditor’s report,https://www1.hkexnews.hk/listedco/listconews/sehk/2020/0428/2020042801906.pdf
Independent auditor’s report,https://www1.hkexnews.hk/listedco/listconews/sehk/2020/0428/2020042801902.pdf
Independent auditor’s report,https://www1.hkexnews.hk/listedco/listconews/sehk/2020/0428/2020042801858.pdf
Independent auditor’s report,https://www1.hkexnews.hk/listedco/listconews/sehk/2020/0428/2020042801856.pdf
Independent auditor’s report,https://www1.hkexnews.hk/listedco/listconews/sehk/2020/0428/2020042801827.pdf
Independent auditor’s report,https://www1.hkexnews.hk/listedco/listconews/sehk/2020/0428/2020042801817.pdf
Independent auditor’s report,https://www1.hkexnews.hk/listedco/listconews/sehk/2020/0428/2020042801803.pdf
Independent auditor’s report,https://www1.hkexnews.hk/listedco/listconews/sehk/2020/0428/2020042801748.pdf
Independent auditor's report,https://www1.hkexnews.hk/listedco/listconews/sehk/2020/0428/2020042801746.pdf
Independent auditor’s report,https://www1.hkexnews.hk/listedco/listconews/sehk/2020/0428/2020042801740.pdf
Independent auditor’s report,https://www1.hkexnews.hk/listedco/listconews/sehk/2020/0428/2020042801738.pdf
Independent auditor’s report,https://www1.hkexnews.hk/listedco/listconews/sehk/2020/0428/2020042801725.pdf
Independent auditor’s report,https://www1.hkexnews.hk/listedco/listconews/sehk/2020/0428/2020042801711.pdf
Independent auditor’s report,https://www1.hkexnews.hk/listedco/listconews/sehk/2020/0428/2020042801709.pdf
Independent auditor’s report,https://www1.hkexnews.hk/listedco/listconews/sehk/2020/0428/2020042801677.pdf
Independent auditor’s report,https://www1.hkexnews.hk/listedco/listconews/sehk/2020/0428/2020042801671.pdf
Independent auditor’s report,https://www1.hkexnews.hk/listedco/listconews/sehk/2020/0428/2020042801663.pdf
Independent auditor’s report,https://www1.hkexnews.hk/listedco/listconews/sehk/2020/0428/2020042801659.pdf
Independent auditor’s report,https://www1.hkexnews.hk/listedco/listconews/sehk/2020/0428/2020042801655.pdf
Independent auditor’s report,https://www1.hkexnews.hk/listedco/listconews/sehk/2020/0428/2020042801644.pdf
Independent auditor’s report,https://www1.hkexnews.hk/listedco/listconews/sehk/2020/0428/2020042801638.pdf
Independent auditor’s report,https://www1.hkexnews.hk/listedco/listconews/sehk/2020/0428/2020042801580.pdf
Independent auditors’ report,https://www1.hkexnews.hk/listedco/listconews/sehk/2020/0428/2020042801550.pdf
Independent auditor’s report,https://www1.hkexnews.hk/listedco/listconews/sehk/2020/0428/2020042801528.pdf
Independent auditors' report,https://www1.hkexnews.hk/listedco/listconews/sehk/2020/0428/2020042801526.pdf
Independent auditor’s report,https://www1.hkexnews.hk/listedco/listconews/sehk/2020/0428/2020042801502.pdf
Independent auditor’s report,https://www1.hkexnews.hk/listedco/listconews/sehk/2020/0428/2020042801500.pdf
Independent auditor’s report,https://www1.hkexnews.hk/listedco/listconews/sehk/2020/0428/2020042801478.pdf
Independent auditor’s report to the shareholders of bison finance group limited,https://www1.hkexnews.hk/listedco/listconews/sehk/2020/0428/2020042801470.pdf
Independent auditor’s report,https://www1.hkexnews.hk/listedco/listconews/sehk/2020/0428/2020042801468.pdf
Independent auditor’s report,https://www1.hkexnews.hk/listedco/listconews/sehk/2020/0428/2020042801466.pdf
Independent auditor’s report,https://www1.hkexnews.hk/listedco/listconews/sehk/2020/0428/2020042801400.pdf
Independent auditor’s report,https://www1.hkexnews.hk/listedco/listconews/sehk/2020/0428/2020042801398.pdf
Auditor’s report,https://www1.hkexnews.hk/listedco/listconews/sehk/2020/0428/2020042801388.pdf
Independent auditor’s report,https://www1.hkexnews.hk/listedco/listconews/sehk/2020/0428/2020042801382.pdf
Independent auditor’s report,https://www1.hkexnews.hk/listedco/listconews/sehk/2020/0428/2020042801378.pdf
Independent auditor’s report,https://www1.hkexnews.hk/listedco/listconews/sehk/2020/0428/2020042801364.pdf
Independent auditor’s report and financial report,https://www1.hkexnews.hk/listedco/listconews/sehk/2020/0428/2020042801352.pdf
Independent auditor’s report,https://www1.hkexnews.hk/listedco/listconews/sehk/2020/0428/2020042801348.pdf
Independent auditor’s report,https://www1.hkexnews.hk/listedco/listconews/sehk/2020/0428/2020042801332.pdf
Independent auditor’s report,https://www1.hkexnews.hk/listedco/listconews/sehk/2020/0428/2020042801316.pdf
Independent auditor’s report,https://www1.hkexnews.hk/listedco/listconews/sehk/2020/0428/2020042801298.pdf
Independent auditor’s report,https://www1.hkexnews.hk/listedco/listconews/sehk/2020/0428/2020042801296.pdf
Independent auditor’s report,https://www1.hkexnews.hk/listedco/listconews/sehk/2020/0428/2020042801286.pdf
Independent auditor’s report,https://www1.hkexnews.hk/listedco/listconews/sehk/2020/0428/2020042801282.pdf
Independent auditor’s report,https://www1.hkexnews.hk/listedco/listconews/sehk/2020/0428/2020042801266.pdf
Independent auditor’s report,https://www1.hkexnews.hk/listedco/listconews/sehk/2020/0428/2020042801260.pdf
Independent auditor’s report,https://www1.hkexnews.hk/listedco/listconews/sehk/2020/0428/2020042801258.pdf
Independent auditor’s report,https://www1.hkexnews.hk/listedco/listconews/sehk/2020/0428/2020042801236.pdf
Independent auditor’s report,https://www1.hkexnews.hk/listedco/listconews/sehk/2020/0428/2020042801230.pdf
Independent auditor’s report,https://www1.hkexnews.hk/listedco/listconews/sehk/2020/0428/2020042801226.pdf
Independent auditor’s report,https://www1.hkexnews.hk/listedco/listconews/sehk/2020/0428/2020042801222.pdf
Independent auditors report,https://www1.hkexnews.hk/listedco/listconews/sehk/2020/0428/2020042801214.pdf
Independent auditor’s report,https://www1.hkexnews.hk/listedco/listconews/sehk/2020/0428/2020042801198.pdf
Independent auditor’s report,https://www1.hkexnews.hk/listedco/listconews/sehk/2020/0428/2020042801196.pdf
Independent auditor’s report,https://www1.hkexnews.hk/listedco/listconews/sehk/2020/0428/2020042801170.pdf
Independent auditor's report,https://www1.hkexnews.hk/listedco/listconews/sehk/2020/0428/2020042801142.pdf
Independent auditor’s report,https://www1.hkexnews.hk/listedco/listconews/sehk/2020/0428/2020042801138.pdf
Independent auditor’s report,https://www1.hkexnews.hk/listedco/listconews/sehk/2020/0428/2020042801132.pdf
Independent auditor’s report,https://www1.hkexnews.hk/listedco/listconews/sehk/2020/0428/2020042801128.pdf
Independent auditor's report,https://www1.hkexnews.hk/listedco/listconews/sehk/2020/0428/2020042801126.pdf
Independent auditor’s report,https://www1.hkexnews.hk/listedco/listconews/sehk/2020/0428/2020042801108.pdf
Independent auditor’s report,https://www1.hkexnews.hk/listedco/listconews/sehk/2020/0428/2020042801104.pdf
Independent auditor’s report,https://www1.hkexnews.hk/listedco/listconews/sehk/2020/0428/2020042801098.pdf
Independent auditor’s report,https://www1.hkexnews.hk/listedco/listconews/sehk/2020/0428/2020042801088.pdf
Independent auditor’s report,https://www1.hkexnews.hk/listedco/listconews/sehk/2020/0428/2020042801076.pdf
Independent auditor’s report,https://www1.hkexnews.hk/listedco/listconews/sehk/2020/0428/2020042801062.pdf
Independent auditors’ report,https://www1.hkexnews.hk/listedco/listconews/sehk/2020/0428/2020042801060.pdf
Independent auditor’s report,https://www1.hkexnews.hk/listedco/listconews/sehk/2020/0428/2020042801052.pdf
Independent auditor’s report,https://www1.hkexnews.hk/listedco/listconews/sehk/2020/0428/2020042801050.pdf
Audit report,https://www1.hkexnews.hk/listedco/listconews/sehk/2020/0428/2020042801040.pdf
